id,first_name,last_name,direccion,email,gender,ip_address
1,Doralin,Domengue,111.64.43.135,ddomengue0@opensource.org,Female,247.186.248.149
2,Fanni,Sylvester,250.186.182.56,fsylvester1@ifeng.com,Female,106.209.9.158
3,Glyn,Garrattley,235.63.191.138,ggarrattley2@comsenz.com,Male,101.158.221.99
4,Simona,Dowsett,153.199.69.133,sdowsett3@sun.com,Female,122.52.130.109
5,Lorraine,Blackney,83.148.42.18,lblackney4@people.com.cn,Female,160.203.232.207
6,Rodney,Cromett,23.131.56.193,rcromett5@sciencedaily.com,Male,178.161.247.176
7,Danit,Scade,63.115.38.199,dscade6@wisc.edu,Female,128.141.226.109
8,Howey,Ramsted,120.4.233.206,hramsted7@washington.edu,Male,89.8.11.84
9,Jacques,Lindsell,255.205.71.236,jlindsell8@cbslocal.com,Male,25.218.47.214
10,Aharon,Laraway,110.91.118.36,alaraway9@weebly.com,Male,93.207.29.78
11,Corissa,Mackinder,204.115.50.57,cmackindera@imageshack.us,Female,222.105.118.119
12,Sibley,Sholl,84.110.133.97,sshollb@howstuffworks.com,Female,218.19.205.222
13,Clim,Curnick,4.59.4.58,ccurnickc@buzzfeed.com,Male,31.208.128.249
14,Karlens,Gothard,220.47.239.184,kgothardd@altervista.org,Male,194.207.238.46
15,Miran,McGuiness,100.23.210.31,mmcguinesse@disqus.com,Female,230.148.92.27
16,Reuven,Roddan,147.66.76.176,rroddanf@dedecms.com,Male,112.105.36.253
17,Coretta,Aldwich,63.222.227.129,caldwichg@ow.ly,Female,164.252.18.235
18,Conroy,Chamberlin,253.4.50.160,cchamberlinh@virginia.edu,Male,198.76.108.8
19,Lilas,Petticrow,132.150.128.250,lpetticrowi@stumbleupon.com,Female,34.178.45.197
20,Benita,McDonand,231.120.62.175,bmcdonandj@ucsd.edu,Female,6.140.249.84
21,Beatrisa,Flade,38.200.55.61,bfladek@dmoz.org,Female,239.124.172.51
22,Krystyna,Clapham,13.187.246.90,kclaphaml@fda.gov,Bigender,148.30.101.150
23,Osbert,Feragh,125.139.57.133,oferaghm@latimes.com,Male,39.208.167.211
24,Odo,Bakewell,139.169.91.30,obakewelln@discovery.com,Male,97.45.60.81
25,Gianina,Christensen,226.211.114.157,gchristenseno@ucoz.com,Female,63.15.45.133
26,Flint,Nowakowski,254.238.225.212,fnowakowskip@scientificamerican.com,Male,199.64.22.163
27,Doria,Braznell,65.232.165.23,dbraznellq@wunderground.com,Female,144.113.172.41
28,Caresa,Stiven,142.44.198.118,cstivenr@blog.com,Female,246.21.17.1
29,Selle,Girauld,102.65.121.224,sgiraulds@wiley.com,Female,126.229.0.254
30,Andy,Brash,207.248.36.57,abrasht@tripadvisor.com,Male,93.185.136.2
31,Priscilla,Scimonelli,213.62.55.65,pscimonelliu@opensource.org,Female,21.210.57.165
32,Siegfried,Capponeer,236.153.85.179,scapponeerv@google.com.hk,Male,183.93.168.88
33,Tiffie,Rickis,6.150.137.152,trickisw@furl.net,Female,30.80.208.74
34,Beckie,Franzotto,74.46.150.86,bfranzottox@addthis.com,Female,191.227.237.91
35,Ari,Lott,217.149.251.192,alotty@tripod.com,Male,186.154.193.151
36,Wilmette,Coppock.,235.150.1.212,wcoppockz@storify.com,Female,173.35.216.189
37,Jens,Muzzlewhite,160.18.48.248,jmuzzlewhite10@youtube.com,Male,249.237.106.130
38,Burton,Bizley,149.196.94.107,bbizley11@cam.ac.uk,Male,167.198.64.125
39,Garald,Medland,35.222.37.27,gmedland12@about.me,Genderfluid,161.160.121.167
40,Arv,Trotman,109.77.158.220,atrotman13@prnewswire.com,Male,245.242.14.89
41,Louise,Rosgen,52.1.116.26,lrosgen14@europa.eu,Female,228.45.31.255
42,Riordan,Brister,73.73.30.228,rbrister15@patch.com,Genderfluid,24.147.5.7
43,Bell,Asher,203.184.128.35,basher16@walmart.com,Female,155.106.217.245
44,Monroe,Gomersal,38.12.21.55,mgomersal17@reuters.com,Male,90.110.34.70
45,Thatch,Grzegorzewski,146.71.30.202,tgrzegorzewski18@java.com,Male,149.220.43.183
46,Tyrone,Kobierra,109.64.50.176,tkobierra19@chron.com,Male,28.77.187.12
47,Guido,Bust,68.167.219.87,gbust1a@fastcompany.com,Male,4.37.222.240
48,Orlando,Roper,171.39.41.143,oroper1b@mapquest.com,Male,202.191.160.182
49,Paolo,Buesden,97.167.175.172,pbuesden1c@chronoengine.com,Male,62.144.251.163
50,Quinta,Warby,0.20.171.85,qwarby1d@nydailynews.com,Female,93.123.55.209
51,Winna,Gittus,29.151.213.79,wgittus1e@netscape.com,Agender,160.4.28.114
52,Darline,Pletts,120.129.26.45,dpletts1f@netlog.com,Female,38.96.205.221
53,Sharai,Grinsdale,121.199.115.199,sgrinsdale1g@lulu.com,Female,108.47.77.21
54,Padget,Eliesco,53.131.97.14,peliesco1h@ustream.tv,Non-binary,1.130.68.253
55,Elane,Prantoni,60.203.131.184,eprantoni1i@omniture.com,Female,126.159.193.78
56,Noah,Draisey,115.103.252.90,ndraisey1j@blogtalkradio.com,Male,177.87.75.249
57,Wilton,Jessep,23.200.18.249,wjessep1k@state.gov,Male,167.74.204.148
58,Stearn,Giannotti,224.122.196.241,sgiannotti1l@ted.com,Male,42.212.236.161
59,Pippy,Doey,236.255.182.56,pdoey1m@zimbio.com,Bigender,153.1.22.135
60,Audi,Scragg,202.147.51.215,ascragg1n@aol.com,Female,24.169.238.41
61,Napoleon,Gaynsford,23.43.39.84,ngaynsford1o@opensource.org,Male,125.28.162.86
62,Norrie,Hannigane,71.218.177.185,nhannigane1p@moonfruit.com,Male,208.0.91.36
63,Devonna,Robardley,94.186.68.119,drobardley1q@mediafire.com,Female,132.114.87.75
64,Fredrick,Di Franceschi,120.213.7.64,fdifranceschi1r@cnbc.com,Male,183.167.220.107
65,Quinta,Le Page,89.117.64.118,qlepage1s@kickstarter.com,Female,64.139.89.157
66,Deana,Beccera,212.183.188.160,dbeccera1t@moonfruit.com,Bigender,86.173.148.201
67,Auria,Hopkins,56.120.56.104,ahopkins1u@salon.com,Female,204.139.199.214
68,Niccolo,Elsay,7.206.159.154,nelsay1v@nifty.com,Male,111.51.201.180
69,Tome,Gascoyne,186.161.143.159,tgascoyne1w@yahoo.co.jp,Male,170.173.37.242
70,Howie,Caunt,245.94.90.107,hcaunt1x@tmall.com,Male,203.105.127.24
71,Ozzie,Duffree,217.57.8.119,oduffree1y@marketwatch.com,Male,112.0.192.45
72,Odo,Lindeboom,69.0.55.204,olindeboom1z@forbes.com,Male,94.178.22.79
73,Laureen,Belsey,211.251.214.218,lbelsey20@privacy.gov.au,Female,184.108.217.250
74,Les,Fetherston,217.120.84.44,lfetherston21@mozilla.com,Male,48.103.208.63
75,Husain,Orr,40.18.147.40,horr22@friendfeed.com,Male,249.64.122.223
76,Farrell,Cann,170.248.1.206,fcann23@spiegel.de,Male,8.169.131.156
77,Cameron,Beagin,168.94.83.111,cbeagin24@google.co.uk,Genderqueer,155.237.81.117
78,Emlen,Baldin,53.231.121.171,ebaldin25@cdc.gov,Male,113.174.254.119
79,Birk,Beynkn,96.27.69.201,bbeynkn26@ucoz.ru,Male,175.8.73.157
80,Brody,Jansky,216.242.68.176,bjansky27@mail.ru,Male,198.220.43.178
81,Ardra,Brownfield,169.101.230.158,abrownfield28@php.net,Female,161.178.232.16
82,Clemmie,Perillo,243.226.163.158,cperillo29@icio.us,Female,153.154.136.52
83,Alfi,Gallamore,34.240.15.58,agallamore2a@biglobe.ne.jp,Female,192.189.38.105
84,Shayna,Maccaig,86.205.108.245,smaccaig2b@omniture.com,Female,254.98.247.238
85,Artemis,Harnott,12.52.76.135,aharnott2c@imgur.com,Male,150.130.51.65
86,Russell,Ferraretto,174.20.127.218,rferraretto2d@cdbaby.com,Male,141.3.114.35
87,Olga,Jime,174.197.223.12,ojime2e@dailymail.co.uk,Female,206.47.38.153
88,Reina,Mapother,7.213.185.207,rmapother2f@usnews.com,Female,164.109.78.11
89,Stillman,Dulen,56.222.87.175,sdulen2g@youtube.com,Male,113.82.146.128
90,Leilah,Lorden,229.48.143.41,llorden2h@vinaora.com,Female,74.226.43.108
91,Hamilton,Billborough,173.43.226.1,hbillborough2i@sfgate.com,Male,49.71.192.33
92,Farrell,Fibbens,10.120.11.68,ffibbens2j@prnewswire.com,Male,12.196.28.157
93,Teriann,Trevenu,213.202.34.245,ttrevenu2k@mlb.com,Female,160.103.104.151
94,Codi,Winspurr,158.73.82.224,cwinspurr2l@eepurl.com,Male,134.16.160.104
95,Danila,Handrek,3.154.27.188,dhandrek2m@home.pl,Female,235.26.251.51
96,Reine,Love,193.228.13.220,rlove2n@cdc.gov,Female,34.151.213.38
97,Deonne,Benoey,200.36.114.164,dbenoey2o@ameblo.jp,Agender,31.239.127.75
98,August,Denzey,117.249.2.129,adenzey2p@europa.eu,Male,15.143.112.109
99,Albrecht,Seaking,79.57.157.45,aseaking2q@cisco.com,Male,178.174.49.182
100,Mortimer,Menhci,172.254.39.165,mmenhci2r@time.com,Male,221.78.19.115
101,Loleta,Dury,157.203.80.232,ldury2s@bloglines.com,Female,141.254.36.243
102,Cyrill,Kwiek,136.74.233.247,ckwiek2t@sfgate.com,Male,72.202.195.62
103,Bordie,Simmons,129.200.45.225,bsimmons2u@tumblr.com,Male,116.5.226.240
104,Alexandre,Orgill,219.175.59.228,aorgill2v@google.com.br,Male,54.87.219.101
105,Tiler,de Copeman,160.103.30.41,tdecopeman2w@baidu.com,Male,96.82.219.157
106,Taddeusz,Chaise,178.61.211.186,tchaise2x@plala.or.jp,Male,166.40.104.164
107,Damara,Gogie,8.213.197.159,dgogie2y@noaa.gov,Female,83.89.86.246
108,Mellicent,Hoyland,108.241.124.84,mhoyland2z@sbwire.com,Female,95.130.94.36
109,Krystle,Gandey,186.230.21.127,kgandey30@51.la,Female,227.67.175.183
110,Cordie,Blowin,176.126.19.217,cblowin31@discovery.com,Male,61.199.208.7
111,Marji,Taye,191.173.92.55,mtaye32@tinypic.com,Female,130.214.64.92
112,Jen,Pardy,182.155.108.62,jpardy33@bigcartel.com,Female,8.73.54.245
113,Frankie,Lamberth,88.73.186.76,flamberth34@qq.com,Male,196.117.68.166
114,Harlan,Elvidge,96.77.59.234,helvidge35@joomla.org,Male,111.51.65.11
115,Vania,Dollimore,254.62.25.80,vdollimore36@drupal.org,Female,236.249.228.172
116,Wolfie,Chmiel,58.25.249.206,wchmiel37@netvibes.com,Male,218.175.155.66
117,Clim,Carrett,102.220.10.196,ccarrett38@weibo.com,Male,15.208.194.66
118,Marcella,Snoday,192.204.99.211,msnoday39@xing.com,Female,201.0.111.103
119,Wolfgang,Haugen,110.140.161.150,whaugen3a@weebly.com,Male,228.85.132.168
120,Trey,Chandlar,90.120.23.61,tchandlar3b@cornell.edu,Male,184.141.218.202
121,Ray,Figge,187.98.46.7,rfigge3c@wp.com,Male,165.168.254.106
122,Berrie,Killwick,71.23.159.59,bkillwick3d@t-online.de,Female,102.165.66.26
123,Stephannie,Sprigings,185.84.183.24,ssprigings3e@feedburner.com,Female,80.66.183.137
124,Lavina,Rudsdell,141.4.208.41,lrudsdell3f@nifty.com,Female,58.134.26.17
125,Gwendolin,Janaud,214.100.155.171,gjanaud3g@businessinsider.com,Female,234.122.144.204
126,Elwood,Alywen,57.52.79.205,ealywen3h@spiegel.de,Male,126.31.5.195
127,Conroy,Figure,11.218.41.149,cfigure3i@google.com.hk,Male,73.4.210.3
128,Abe,Cattemull,225.165.187.110,acattemull3j@ask.com,Male,37.172.3.237
129,Joshua,Strotone,121.169.196.162,jstrotone3k@github.com,Male,42.251.49.53
130,Flossi,Filkin,187.167.241.128,ffilkin3l@cpanel.net,Female,254.197.210.240
131,Court,Brumbie,255.22.57.80,cbrumbie3m@linkedin.com,Male,225.81.238.128
132,Ardine,Tylor,213.11.40.166,atylor3n@nba.com,Female,183.243.127.20
133,Randene,Hardy-Piggin,35.137.55.37,rhardypiggin3o@eventbrite.com,Female,203.143.53.247
134,Hubey,Simeons,123.100.64.184,hsimeons3p@woothemes.com,Male,180.233.255.197
135,Cymbre,Conti,222.141.0.46,cconti3q@ovh.net,Genderqueer,169.91.114.216
136,Ashil,Fripp,156.175.113.37,afripp3r@odnoklassniki.ru,Female,74.15.183.88
137,Dare,Jeacock,12.156.217.0,djeacock3s@g.co,Male,20.13.192.39
138,Chaddy,Cicconetti,89.112.202.55,ccicconetti3t@hud.gov,Male,167.182.204.98
139,Jacques,Pfeuffer,254.158.4.163,jpfeuffer3u@msn.com,Male,219.244.177.202
140,Leonid,Cockell,231.15.115.198,lcockell3v@dagondesign.com,Male,0.158.34.145
141,Lesly,Quakley,62.107.144.31,lquakley3w@360.cn,Female,127.253.172.7
142,Valli,Fishbourne,53.246.234.158,vfishbourne3x@indiegogo.com,Female,24.36.213.55
143,Woodman,Gethen,68.188.77.185,wgethen3y@ihg.com,Male,77.206.252.163
144,Anatole,Cheese,53.20.56.74,acheese3z@ihg.com,Male,52.92.138.64
145,Candace,Manus,225.48.29.12,cmanus40@sfgate.com,Female,192.247.243.225
146,Daryl,Nodes,214.198.50.16,dnodes41@networkadvertising.org,Female,117.18.1.65
147,Jeddy,Roseburgh,247.198.35.51,jroseburgh42@globo.com,Male,187.1.37.14
148,Florentia,McTerlagh,142.234.70.7,fmcterlagh43@woothemes.com,Agender,219.148.237.226
149,Bob,Fearns,253.100.52.66,bfearns44@hatena.ne.jp,Male,98.66.137.63
150,Jacquenette,Challicombe,164.96.101.20,jchallicombe45@huffingtonpost.com,Female,229.220.39.120
151,Alfred,Thorsen,231.21.144.204,athorsen46@sakura.ne.jp,Bigender,75.7.33.162
152,Andrea,Sapir,177.8.170.66,asapir47@chron.com,Male,70.118.213.65
153,Claretta,Aikett,191.63.112.196,caikett48@taobao.com,Female,6.0.41.103
154,Elisabeth,Geerling,33.62.214.135,egeerling49@devhub.com,Bigender,12.186.73.226
155,Sam,Miranda,48.247.3.199,smiranda4a@lulu.com,Male,41.234.29.21
156,Franciska,Medlen,161.165.54.40,fmedlen4b@typepad.com,Female,31.175.100.24
157,Robinette,Pynner,80.2.227.165,rpynner4c@moonfruit.com,Non-binary,82.146.55.133
158,Asa,Lehemann,145.104.64.150,alehemann4d@newsvine.com,Genderqueer,171.172.86.250
159,Hermine,Ianitti,225.199.150.57,hianitti4e@sciencedaily.com,Female,172.214.234.66
160,Gunilla,Trusse,32.194.239.167,gtrusse4f@arizona.edu,Female,7.197.34.87
161,Pate,Chmiel,238.94.177.211,pchmiel4g@unblog.fr,Male,28.11.232.252
162,Emilio,Gossage,58.171.115.72,egossage4h@hostgator.com,Male,60.8.165.218
163,Frieda,Rollin,112.26.13.162,frollin4i@fastcompany.com,Female,52.35.250.136
164,Karmen,Filyukov,21.191.62.108,kfilyukov4j@bloglovin.com,Female,119.198.245.196
165,Agnese,Emmott,198.249.104.205,aemmott4k@reference.com,Female,121.15.136.169
166,Kariotta,Pidgeon,65.187.133.253,kpidgeon4l@diigo.com,Female,2.48.60.71
167,Gray,Voak,54.48.92.129,gvoak4m@wp.com,Female,15.221.138.121
168,Nathalie,Gurnay,60.228.157.140,ngurnay4n@drupal.org,Female,57.178.40.49
169,Robert,Fasset,65.193.101.243,rfasset4o@cam.ac.uk,Male,61.39.191.56
170,Loria,Kinnett,68.63.71.28,lkinnett4p@google.pl,Female,107.220.75.34
171,Alex,Rolstone,177.12.75.72,arolstone4q@businessinsider.com,Male,54.127.219.94
172,Drucill,McPharlain,181.18.172.90,dmcpharlain4r@phpbb.com,Female,83.128.5.225
173,Marlena,Sidry,113.62.105.166,msidry4s@techcrunch.com,Female,46.255.110.188
174,Carmina,Londer,211.44.86.34,clonder4t@eventbrite.com,Female,10.61.194.168
175,Wolfy,Latch,168.189.50.58,wlatch4u@samsung.com,Male,189.205.8.251
176,Rickey,Catlette,24.238.79.41,rcatlette4v@diigo.com,Male,64.201.247.108
177,Heidie,Quidenham,124.29.123.223,hquidenham4w@baidu.com,Female,168.102.16.211
178,Flori,Talkington,220.51.106.200,ftalkington4x@geocities.jp,Female,130.151.146.96
179,Pincas,Hickford,28.41.80.47,phickford4y@google.ca,Polygender,97.102.208.28
180,Ellery,Bleddon,37.178.84.251,ebleddon4z@hhs.gov,Male,56.100.110.126
181,Vonni,Luberto,226.7.58.79,vluberto50@ocn.ne.jp,Female,238.84.215.114
182,Zollie,Kobus,163.150.97.113,zkobus51@japanpost.jp,Male,5.124.222.181
183,Melisse,McShee,196.187.183.253,mmcshee52@vimeo.com,Female,83.159.41.187
184,Rudiger,Dunseath,0.171.209.67,rdunseath53@google.co.uk,Male,145.22.152.249
185,Lindy,Blacker,192.189.127.213,lblacker54@oakley.com,Male,183.173.47.142
186,Milton,Copestake,58.99.203.102,mcopestake55@usda.gov,Genderfluid,173.14.98.65
187,Barnabe,Korneichik,76.25.60.211,bkorneichik56@soundcloud.com,Male,63.248.35.231
188,Josiah,Geekin,173.251.232.103,jgeekin57@soup.io,Genderqueer,17.16.109.6
189,Elizabet,Norkett,175.149.63.241,enorkett58@behance.net,Female,133.39.220.135
190,Kaleb,Pattison,192.80.128.6,kpattison59@pbs.org,Male,113.110.196.166
191,Antonia,Jeste,149.141.159.190,ajeste5a@godaddy.com,Female,210.6.109.128
192,Alain,Bartkowiak,186.77.84.38,abartkowiak5b@barnesandnoble.com,Male,198.18.79.226
193,Derek,Crich,112.201.200.16,dcrich5c@newsvine.com,Male,76.191.139.64
194,Benjamin,Djokic,52.27.96.217,bdjokic5d@accuweather.com,Male,47.136.107.123
195,Jaquenette,Ratledge,176.146.242.57,jratledge5e@unblog.fr,Female,253.184.215.89
196,Jessee,Ruste,94.219.125.247,jruste5f@youku.com,Male,80.157.248.235
197,Gisella,Pitkeathley,23.63.218.149,gpitkeathley5g@ehow.com,Female,1.173.17.150
198,Vita,Gauch,156.189.175.82,vgauch5h@springer.com,Female,11.8.241.226
199,Carley,MacCostye,21.171.73.203,cmaccostye5i@huffingtonpost.com,Female,180.134.61.194
200,Isa,Hanfrey,110.89.91.227,ihanfrey5j@simplemachines.org,Male,84.228.193.72
201,Garek,Snawdon,205.188.19.2,gsnawdon5k@samsung.com,Male,27.85.124.88
202,Beitris,Larderot,239.113.133.163,blarderot5l@zimbio.com,Bigender,245.86.126.133
203,Gibby,Sharplin,37.125.178.143,gsharplin5m@nbcnews.com,Male,141.162.252.14
204,Chester,Core,147.90.28.155,ccore5n@prweb.com,Male,213.174.117.38
205,Caroline,Longhorn,214.166.98.222,clonghorn5o@friendfeed.com,Female,44.129.140.207
206,Cosmo,Stollenwerck,11.187.250.12,cstollenwerck5p@hao123.com,Male,9.13.162.232
207,Laureen,Arnaldi,219.83.120.104,larnaldi5q@alexa.com,Agender,250.210.211.212
208,Barnabe,Cufflin,150.53.131.235,bcufflin5r@dmoz.org,Male,150.69.217.83
209,Erick,Cunniff,42.47.162.37,ecunniff5s@tamu.edu,Male,167.91.166.5
210,Fancy,Onians,44.240.32.118,fonians5t@si.edu,Female,154.76.56.172
211,Graig,Smorthit,141.230.230.142,gsmorthit5u@comcast.net,Male,142.83.62.71
212,Kenneth,Cucuzza,162.50.229.17,kcucuzza5v@sfgate.com,Male,251.102.20.218
213,Tessi,Grange,250.114.183.123,tgrange5w@google.pl,Female,54.81.21.208
214,Keenan,Scrammage,208.168.148.125,kscrammage5x@nbcnews.com,Male,8.28.1.250
215,Josy,Brightman,185.134.250.87,jbrightman5y@edublogs.org,Female,236.126.104.195
216,Danna,Diggell,80.65.129.166,ddiggell5z@craigslist.org,Female,147.163.215.47
217,Laurie,Albany,59.52.12.91,lalbany60@elegantthemes.com,Male,152.99.132.172
218,Zachary,Wais,236.254.255.157,zwais61@pagesperso-orange.fr,Male,148.31.35.255
219,Carilyn,Huddles,91.204.94.183,chuddles62@angelfire.com,Female,43.5.114.206
220,Eal,Hellwig,197.1.127.15,ehellwig63@ameblo.jp,Genderfluid,68.228.120.222
221,Sunny,Connah,87.20.53.64,sconnah64@tamu.edu,Female,18.10.91.85
222,Haywood,Breyt,177.29.157.26,hbreyt65@mac.com,Male,5.49.166.66
223,Yorgo,Udey,196.188.108.255,yudey66@pen.io,Male,132.226.193.39
224,Gertruda,De Dantesie,239.24.69.32,gdedantesie67@360.cn,Female,102.91.48.129
225,Izabel,Milam,53.202.242.164,imilam68@yahoo.co.jp,Female,54.232.31.165
226,Rosemarie,Seager,184.70.238.208,rseager69@google.ca,Female,158.218.11.198
227,Maje,Ruslinge,185.242.38.38,mruslinge6a@gizmodo.com,Male,54.33.25.133
228,Karita,Eastbrook,93.35.195.110,keastbrook6b@businessinsider.com,Female,130.5.84.112
229,Sybil,Habbal,90.180.245.194,shabbal6c@bandcamp.com,Female,180.95.205.52
230,Pablo,Hardan,222.190.95.72,phardan6d@weibo.com,Non-binary,47.158.172.152
231,Gar,Kynston,154.25.57.30,gkynston6e@arizona.edu,Male,143.141.140.60
232,Jarvis,Mawhinney,182.139.160.201,jmawhinney6f@boston.com,Male,108.13.11.190
233,Leta,Paxforde,132.85.76.170,lpaxforde6g@w3.org,Agender,89.124.41.231
234,Stewart,Poytheras,101.230.22.34,spoytheras6h@cafepress.com,Male,157.1.183.16
235,Lyndel,Aldcorn,134.177.170.13,laldcorn6i@mlb.com,Female,35.251.96.149
236,Elihu,Nelius,81.92.199.106,enelius6j@newyorker.com,Male,86.248.48.138
237,Hadrian,Brenneke,147.207.154.14,hbrenneke6k@edublogs.org,Male,159.108.193.210
238,Blaine,Heinreich,175.231.182.71,bheinreich6l@wp.com,Male,170.27.112.97
239,Maurizio,Kayley,145.69.212.144,mkayley6m@scientificamerican.com,Male,246.164.228.136
240,Travers,Sahlstrom,8.57.159.177,tsahlstrom6n@yahoo.com,Male,88.91.170.101
241,Web,Wallbanks,196.135.29.89,wwallbanks6o@booking.com,Male,128.55.132.7
242,Mariette,Ovett,194.71.232.14,movett6p@economist.com,Female,49.235.202.97
243,Lura,Yarnell,28.61.154.77,lyarnell6q@e-recht24.de,Female,227.39.113.45
244,Grissel,Verring,204.1.242.222,gverring6r@statcounter.com,Female,184.96.31.189
245,Reinwald,Claesens,95.119.186.27,rclaesens6s@pbs.org,Male,24.182.6.156
246,Elly,Hammarberg,245.204.200.172,ehammarberg6t@hc360.com,Female,5.83.161.84
247,Ari,Odams,42.202.226.6,aodams6u@1688.com,Male,216.15.52.51
248,Kacy,Syversen,144.209.12.148,ksyversen6v@tinyurl.com,Genderqueer,56.14.238.187
249,Avram,Shatford,209.169.136.230,ashatford6w@example.com,Male,121.81.118.72
250,Prince,Sprake,111.181.34.150,psprake6x@bigcartel.com,Male,90.84.193.223
251,Bailie,Hutcheson,211.65.12.253,bhutcheson6y@rambler.ru,Male,9.166.11.148
252,Duncan,Prantoni,129.78.197.1,dprantoni6z@reference.com,Male,247.31.15.151
253,Elvin,Robbel,6.52.29.148,erobbel70@artisteer.com,Male,30.112.6.131
254,Jaimie,Nickell,239.193.253.112,jnickell71@timesonline.co.uk,Female,222.228.27.169
255,Lida,MacDaid,141.156.27.211,lmacdaid72@jigsy.com,Female,171.172.166.107
256,Katrine,Sinnott,45.86.55.131,ksinnott73@feedburner.com,Female,69.59.50.212
257,Niki,Kobsch,45.20.43.51,nkobsch74@epa.gov,Male,26.154.147.79
258,Perla,Moverley,126.83.93.122,pmoverley75@hhs.gov,Female,218.156.63.179
259,Bearnard,Pointin,16.2.199.43,bpointin76@engadget.com,Male,155.105.119.173
260,Karilynn,Rudiger,116.68.251.208,krudiger77@indiatimes.com,Female,167.159.25.137
261,Vilma,Prout,165.31.112.94,vprout78@diigo.com,Female,137.104.28.205
262,Berget,Leindecker,125.176.155.188,bleindecker79@pagesperso-orange.fr,Female,43.189.154.209
263,Rikki,Seiffert,196.226.24.36,rseiffert7a@ibm.com,Female,164.179.145.157
264,Philomena,Cheng,220.92.204.135,pcheng7b@dmoz.org,Female,98.202.145.97
265,Lucas,Meese,82.33.20.202,lmeese7c@canalblog.com,Male,92.94.214.83
266,Arnie,Upjohn,98.28.164.195,aupjohn7d@myspace.com,Male,4.171.59.119
267,Daniela,Wank,159.222.61.222,dwank7e@live.com,Female,108.13.152.120
268,Annette,Scullin,173.112.239.94,ascullin7f@oakley.com,Female,251.177.7.207
269,Nichols,Filliskirk,24.71.53.253,nfilliskirk7g@sina.com.cn,Male,150.94.137.240
270,Jayme,Dyzart,88.88.189.50,jdyzart7h@wiley.com,Female,61.223.114.159
271,Leonard,Narbett,63.123.234.145,lnarbett7i@multiply.com,Male,240.9.167.160
272,Melodee,Scowcroft,225.75.232.100,mscowcroft7j@hibu.com,Female,22.186.80.148
273,Batholomew,Fruser,175.209.68.11,bfruser7k@nih.gov,Male,5.21.6.231
274,Howey,Tresvina,238.189.13.50,htresvina7l@google.de,Male,244.45.11.23
275,Philippa,McSporon,13.53.5.24,pmcsporon7m@hhs.gov,Polygender,222.229.114.69
276,Claudette,Maginn,0.120.245.120,cmaginn7n@livejournal.com,Female,72.210.242.83
277,Farrel,Christmas,227.19.255.161,fchristmas7o@cyberchimps.com,Male,162.212.133.136
278,Jessi,Cockhill,166.90.167.85,jcockhill7p@de.vu,Female,167.23.183.73
279,Carmine,McFeate,100.152.9.146,cmcfeate7q@wikimedia.org,Male,94.222.66.238
280,Myrna,Scotson,52.18.30.122,mscotson7r@go.com,Female,12.227.165.194
281,Lorianne,Piggins,0.132.250.54,lpiggins7s@google.fr,Female,97.231.248.130
282,Livia,Gillions,17.136.200.231,lgillions7t@google.fr,Female,0.253.26.43
283,Minor,Tolchar,194.75.25.170,mtolchar7u@latimes.com,Male,169.233.229.85
284,Nydia,Hebborne,151.109.251.156,nhebborne7v@nationalgeographic.com,Genderqueer,199.231.216.142
285,Kingsly,Duckett,97.233.6.208,kduckett7w@prnewswire.com,Male,154.208.157.177
286,Guillaume,Cardenosa,152.170.45.178,gcardenosa7x@cmu.edu,Male,112.253.149.85
287,Chrissy,Presdee,106.121.53.30,cpresdee7y@php.net,Male,135.106.99.74
288,Brandy,Dommersen,172.190.65.17,bdommersen7z@youtu.be,Female,217.163.37.100
289,Veradis,Bruffell,24.13.160.32,vbruffell80@hao123.com,Female,92.223.194.37
290,Celestyna,Brumble,206.106.217.74,cbrumble81@imgur.com,Female,114.249.214.51
291,Paul,Liebrecht,144.73.250.21,pliebrecht82@answers.com,Male,168.74.124.58
292,Brandice,Barringer,52.63.158.130,bbarringer83@cloudflare.com,Female,234.113.109.36
293,Sal,Macieja,60.52.18.156,smacieja84@amazon.com,Male,42.21.18.209
294,Jaine,Hynard,89.67.4.3,jhynard85@baidu.com,Female,251.30.88.75
295,Bryna,Askey,208.48.172.176,baskey86@yelp.com,Female,224.57.23.116
296,Abdel,Chamberlayne,159.243.117.59,achamberlayne87@nature.com,Male,240.176.212.213
297,Sarah,Netting,86.9.58.153,snetting88@yahoo.com,Female,217.210.49.126
298,Antoine,Chater,121.197.63.124,achater89@pcworld.com,Male,209.177.156.146
299,Doralia,Wethers,115.61.83.247,dwethers8a@dailymotion.com,Female,75.209.224.79
300,Kleon,Scane,156.104.214.130,kscane8b@squidoo.com,Male,143.1.24.137
301,Meade,Mulder,208.235.123.250,mmulder8c@feedburner.com,Male,160.150.82.17
302,Patton,Trump,233.110.239.245,ptrump8d@engadget.com,Male,121.77.159.110
303,Devonna,Marini,147.92.198.206,dmarini8e@marriott.com,Female,0.192.2.71
304,Leupold,Yarker,242.19.141.8,lyarker8f@bloglines.com,Male,161.46.147.142
305,Chevy,Jeremiah,61.194.155.145,cjeremiah8g@independent.co.uk,Male,179.199.166.10
306,Marthena,Masson,29.238.93.150,mmasson8h@cdbaby.com,Female,191.70.65.242
307,Lib,Croote,163.25.163.35,lcroote8i@yahoo.com,Female,34.132.135.207
308,Maxy,Donaldson,165.122.117.2,mdonaldson8j@fc2.com,Male,44.54.86.30
309,Laurie,Cullagh,15.51.211.248,lcullagh8k@home.pl,Bigender,252.133.225.173
310,Pepillo,McPeck,40.211.244.251,pmcpeck8l@blogspot.com,Male,167.124.66.58
311,Algernon,Leynagh,215.28.90.155,aleynagh8m@ehow.com,Male,84.83.151.136
312,Cathlene,Radden,58.166.58.125,cradden8n@linkedin.com,Female,23.210.18.234
313,Gabrila,Lowis,128.25.183.105,glowis8o@biblegateway.com,Female,177.148.128.4
314,Beatrice,Pilley,156.66.94.20,bpilley8p@google.co.jp,Female,230.208.182.195
315,Tarrance,Campana,78.98.243.20,tcampana8q@accuweather.com,Male,45.122.239.65
316,Berri,Colliver,210.80.10.15,bcolliver8r@people.com.cn,Female,29.27.70.10
317,Billye,Brocklehurst,45.42.113.88,bbrocklehurst8s@bigcartel.com,Female,151.105.81.77
318,Brandie,Neller,186.100.175.247,bneller8t@nature.com,Female,101.214.250.176
319,Elysha,Pendrigh,187.32.181.211,ependrigh8u@soup.io,Female,57.144.165.90
320,Fabiano,Regardsoe,36.86.150.187,fregardsoe8v@quantcast.com,Male,23.172.4.234
321,Kamillah,Valentino,3.45.217.8,kvalentino8w@ca.gov,Female,1.18.91.54
322,Trudie,Stithe,147.10.203.91,tstithe8x@salon.com,Female,53.154.166.112
323,Randie,Gullefant,3.64.147.108,rgullefant8y@1688.com,Male,123.38.82.193
324,Radcliffe,Knight,95.173.74.104,rknight8z@qq.com,Male,182.121.206.50
325,Frasquito,Lemmertz,168.59.1.138,flemmertz90@samsung.com,Male,207.43.18.214
326,Sinclare,Belcham,252.210.180.120,sbelcham91@drupal.org,Male,180.67.172.18
327,Carmela,Marchi,241.132.82.196,cmarchi92@youtube.com,Female,208.22.230.188
328,Vanna,Loft,102.232.58.0,vloft93@linkedin.com,Female,30.207.15.170
329,Caren,Vaun,251.186.29.228,cvaun94@ocn.ne.jp,Female,42.5.78.185
330,Bonnibelle,Yo,177.7.96.226,byo95@unblog.fr,Female,13.76.250.14
331,Sallee,Jerrold,31.205.11.51,sjerrold96@prweb.com,Female,181.224.63.31
332,Alwin,Armiger,224.169.26.146,aarmiger97@cyberchimps.com,Male,187.21.99.238
333,Tobey,Matyatin,53.65.162.184,tmatyatin98@a8.net,Female,198.7.51.58
334,Hobie,Mingard,27.219.151.108,hmingard99@domainmarket.com,Male,104.2.204.235
335,Henka,Squeers,10.145.28.85,hsqueers9a@tinyurl.com,Female,100.20.181.40
336,Hermina,Ladbrook,211.18.112.251,hladbrook9b@alibaba.com,Female,49.145.32.21
337,Kesley,Cosely,165.197.4.48,kcosely9c@bloglovin.com,Female,168.250.25.135
338,Benjie,Haselwood,158.62.42.229,bhaselwood9d@instagram.com,Male,254.136.68.155
339,Loydie,Sturm,100.196.211.227,lsturm9e@lycos.com,Male,57.246.15.47
340,Nobe,Houchin,91.154.17.173,nhouchin9f@acquirethisname.com,Male,146.101.250.52
341,Ange,De Haven,65.83.82.3,adehaven9g@printfriendly.com,Female,41.194.202.71
342,Raff,Gyse,1.45.83.156,rgyse9h@constantcontact.com,Genderfluid,221.196.184.103
343,Alli,Toman,133.130.113.43,atoman9i@ocn.ne.jp,Female,114.180.23.125
344,Karlis,Jaffray,162.65.144.104,kjaffray9j@shutterfly.com,Genderfluid,50.74.22.244
345,Clemence,Marle,45.65.203.43,cmarle9k@nasa.gov,Female,108.42.18.29
346,Paloma,Stockhill,211.39.133.88,pstockhill9l@psu.edu,Female,59.56.214.195
347,Catriona,Castles,226.135.98.58,ccastles9m@friendfeed.com,Agender,203.197.189.222
348,Prent,Drewery,115.209.184.64,pdrewery9n@gizmodo.com,Male,101.249.151.23
349,Mead,Gahan,14.230.66.146,mgahan9o@hatena.ne.jp,Genderqueer,151.76.163.36
350,Penelopa,Vokes,136.208.105.201,pvokes9p@wikispaces.com,Female,97.75.77.94
351,Martita,Brammar,72.88.231.85,mbrammar9q@senate.gov,Female,12.195.45.92
352,Martelle,Endley,22.74.207.221,mendley9r@amazon.co.jp,Female,236.161.40.46
353,Lewie,Crayton,153.33.129.10,lcrayton9s@webs.com,Male,154.154.120.76
354,Ahmad,McKall,19.74.12.136,amckall9t@mtv.com,Male,191.248.215.126
355,Kyrstin,Shoulders,85.190.108.247,kshoulders9u@icio.us,Female,202.223.70.84
356,Terrel,Hackin,117.79.133.128,thackin9v@simplemachines.org,Male,112.214.98.164
357,Myrna,Braksper,64.114.109.200,mbraksper9w@de.vu,Female,133.110.216.36
358,Bellanca,Yusupov,188.189.117.174,byusupov9x@live.com,Bigender,209.65.247.10
359,Bail,Rolstone,242.41.252.41,brolstone9y@cbc.ca,Male,43.134.163.187
360,Reeva,Dogerty,133.200.64.52,rdogerty9z@telegraph.co.uk,Female,117.247.194.87
361,Clayton,Dyett,231.40.151.234,cdyetta0@ifeng.com,Male,92.219.131.90
362,Alva,Wiseman,204.113.119.79,awisemana1@ucoz.ru,Male,218.32.171.244
363,Ros,Crigin,176.190.124.142,rcrigina2@statcounter.com,Female,15.223.138.35
364,Murielle,Shrigley,126.76.177.186,mshrigleya3@japanpost.jp,Female,14.41.253.128
365,Muffin,Bascomb,230.199.242.140,mbascomba4@springer.com,Male,28.192.171.223
366,Natty,Critchard,59.116.57.245,ncritcharda5@blinklist.com,Male,53.234.102.198
367,Bob,Plain,162.219.253.20,bplaina6@acquirethisname.com,Male,141.45.44.14
368,Sigvard,Gerbel,9.134.52.233,sgerbela7@paypal.com,Male,103.133.253.185
369,Theo,Volker,94.76.149.192,tvolkera8@jalbum.net,Female,169.54.25.85
370,Conroy,Kneaphsey,41.36.127.33,ckneaphseya9@blogtalkradio.com,Male,23.67.51.0
371,Prent,Sykora,50.59.248.58,psykoraaa@dion.ne.jp,Male,61.66.44.206
372,Francyne,Fidelli,127.230.238.40,ffidelliab@foxnews.com,Female,0.141.23.80
373,Rebekkah,McCorkindale,110.156.115.244,rmccorkindaleac@hostgator.com,Female,146.221.222.173
374,Monti,Sutherland,185.10.50.152,msutherlandad@oaic.gov.au,Male,138.73.49.99
375,Thatch,Zanetti,183.148.124.240,tzanettiae@wordpress.com,Male,69.98.147.115
376,Zora,Chooter,134.164.10.178,zchooteraf@squarespace.com,Polygender,144.150.30.148
377,Imojean,Howman,50.29.85.215,ihowmanag@163.com,Female,23.222.236.50
378,Prent,Fennelly,25.169.58.102,pfennellyah@springer.com,Male,223.252.145.161
379,Norry,Kerfoot,19.162.41.58,nkerfootai@upenn.edu,Male,94.130.19.87
380,Arabelle,Densell,84.191.85.148,adensellaj@weibo.com,Female,20.146.223.209
381,Durante,Round,80.79.49.64,droundak@springer.com,Male,157.40.159.124
382,Stefanie,Parlatt,176.92.81.153,sparlattal@tiny.cc,Female,156.161.140.202
383,Bjorn,Oxterby,235.1.73.251,boxterbyam@blog.com,Male,241.85.144.4
384,Damara,Yerlett,151.134.50.97,dyerlettan@imdb.com,Female,107.142.151.87
385,Lizbeth,Rishman,70.192.38.189,lrishmanao@sfgate.com,Female,98.186.62.99
386,Larissa,Sweetlove,232.147.206.244,lsweetloveap@bloglines.com,Female,242.174.198.128
387,Chere,Mullinger,181.29.6.189,cmullingeraq@artisteer.com,Female,26.155.245.114
388,Ignacius,Pauwel,234.130.200.225,ipauwelar@stanford.edu,Male,186.126.148.11
389,Ailsun,Mundie,235.128.22.59,amundieas@opensource.org,Female,101.84.206.36
390,Lira,Weeks,245.100.149.58,lweeksat@about.com,Female,254.186.68.0
391,Jess,Jendrassik,158.180.103.103,jjendrassikau@pinterest.com,Male,79.179.103.90
392,Juieta,Oloman,239.110.160.228,jolomanav@jigsy.com,Female,105.120.133.5
393,Mervin,Dawtry,22.232.235.120,mdawtryaw@bandcamp.com,Male,175.70.252.171
394,Iorgo,Riccardo,171.251.222.206,iriccardoax@plala.or.jp,Male,195.80.23.236
395,Elenore,Pickin,215.90.227.246,epickinay@berkeley.edu,Female,67.140.254.186
396,Terence,Aldins,36.115.215.69,taldinsaz@tinyurl.com,Male,178.146.240.72
397,Bondon,Kordovani,62.142.17.78,bkordovanib0@t-online.de,Male,150.189.188.154
398,Jonie,Dishmon,176.12.190.230,jdishmonb1@flickr.com,Female,84.85.85.107
399,Delmor,Busch,224.126.73.163,dbuschb2@ezinearticles.com,Genderqueer,123.222.211.211
400,Shaun,Skirven,160.84.52.43,sskirvenb3@mit.edu,Female,15.194.227.241
401,Ermengarde,Paulton,190.89.107.151,epaultonb4@amazon.de,Female,188.16.165.105
402,Bamby,Betterton,122.106.112.16,bbettertonb5@jalbum.net,Female,107.156.54.175
403,Bartie,Mayger,110.138.8.184,bmaygerb6@bloomberg.com,Male,46.153.195.217
404,Trent,Rabbet,108.189.93.198,trabbetb7@sbwire.com,Male,170.48.82.220
405,Tobe,Robert,52.61.131.43,trobertb8@timesonline.co.uk,Male,103.68.207.8
406,Grete,Karmel,230.19.208.33,gkarmelb9@omniture.com,Female,172.192.3.229
407,Hazel,Hallwell,170.231.8.168,hhallwellba@ning.com,Male,15.64.203.112
408,Dawn,Sorrill,225.126.104.1,dsorrillbb@berkeley.edu,Female,176.54.61.201
409,Deanna,Janata,58.126.135.129,djanatabc@yahoo.co.jp,Female,164.249.226.189
410,Curry,Andersen,53.76.134.95,candersenbd@bing.com,Male,207.13.46.155
411,Etan,Polino,248.83.204.178,epolinobe@wunderground.com,Male,187.255.211.11
412,Shurwood,Rustman,69.213.240.193,srustmanbf@netlog.com,Male,97.69.216.78
413,Ava,Torrent,42.120.27.104,atorrentbg@google.co.jp,Female,218.72.27.150
414,Annabal,Trinder,32.21.118.142,atrinderbh@state.gov,Bigender,31.239.77.148
415,Walton,Hause,187.244.154.103,whausebi@blinklist.com,Male,65.167.31.187
416,Wallis,Batkin,153.157.170.107,wbatkinbj@squidoo.com,Female,111.128.49.100
417,Alexandro,O'Logan,79.237.52.158,aologanbk@jugem.jp,Male,36.241.67.65
418,Titos,Ivimy,52.225.129.194,tivimybl@goo.gl,Male,89.214.64.19
419,Hillery,Delos,170.253.55.162,hdelosbm@drupal.org,Male,155.106.73.154
420,Lizabeth,Easeman,138.66.182.180,leasemanbn@bbb.org,Female,182.44.67.81
421,Clive,Causey,158.219.162.29,ccauseybo@liveinternet.ru,Male,21.119.132.139
422,Hamlen,Dunston,209.64.94.179,hdunstonbp@dagondesign.com,Male,60.157.33.143
423,Curtis,Impey,255.232.32.37,cimpeybq@webs.com,Male,154.170.12.202
424,Stormi,Baseley,65.69.78.32,sbaseleybr@addthis.com,Female,216.213.200.147
425,Kiel,Thorwarth,160.192.125.10,kthorwarthbs@army.mil,Male,199.171.96.59
426,Ignacio,Colquete,143.185.254.72,icolquetebt@vinaora.com,Male,39.30.114.146
427,Leonardo,Boyson,68.51.61.150,lboysonbu@uol.com.br,Male,68.88.104.122
428,Winifred,Scriviner,12.162.249.91,wscrivinerbv@deliciousdays.com,Female,165.253.33.22
429,Quillan,Wallwork,26.135.133.78,qwallworkbw@buzzfeed.com,Genderfluid,102.247.175.6
430,Jackson,Girton,149.87.55.224,jgirtonbx@plala.or.jp,Male,157.150.112.27
431,Talbert,De Winton,33.62.32.191,tdewintonby@vinaora.com,Male,68.230.65.81
432,Carrol,Bawcock,100.222.111.38,cbawcockbz@so-net.ne.jp,Male,91.60.6.72
433,Yulma,Olorenshaw,249.202.48.148,yolorenshawc0@tinyurl.com,Bigender,75.211.244.61
434,Lotty,MacGettigen,116.17.0.40,lmacgettigenc1@wix.com,Genderfluid,67.57.216.117
435,Seamus,Leroux,187.139.28.234,slerouxc2@addtoany.com,Male,38.217.113.203
436,Brendan,Kornyakov,56.19.21.230,bkornyakovc3@businessinsider.com,Male,26.140.245.212
437,Gray,Melan,87.68.116.209,gmelanc4@last.fm,Male,69.251.153.111
438,Adolphe,Norrey,221.60.69.84,anorreyc5@dagondesign.com,Male,181.145.157.1
439,Hyacintha,Stanlake,158.58.173.96,hstanlakec6@flickr.com,Female,190.32.60.102
440,Flory,Stracey,217.229.6.43,fstraceyc7@harvard.edu,Female,63.173.221.186
441,Heida,Tickner,93.154.16.236,hticknerc8@yelp.com,Female,4.120.7.254
442,Pascale,Petford,234.218.40.111,ppetfordc9@bbb.org,Male,198.50.89.194
443,Forrest,Buffham,108.105.195.85,fbuffhamca@cisco.com,Male,138.111.163.228
444,Perl,Langfitt,40.77.6.124,plangfittcb@hc360.com,Female,78.204.67.80
445,Emlynne,Scurr,106.179.186.187,escurrcc@bloglines.com,Female,133.91.116.224
446,Shay,Brobak,219.8.59.54,sbrobakcd@vinaora.com,Female,188.244.17.171
447,Rowe,Ronchka,213.152.68.129,rronchkace@nymag.com,Female,213.194.250.127
448,Madelon,Gatus,136.155.17.171,mgatuscf@google.com,Female,252.193.97.212
449,Jessalin,Moff,53.141.44.64,jmoffcg@ed.gov,Female,79.189.98.129
450,Shaw,Jeannin,85.209.109.180,sjeanninch@google.es,Male,220.138.249.63
451,Elsa,Itzkowicz,249.98.184.123,eitzkowiczci@dedecms.com,Female,35.190.110.124
452,Ilene,Truitt,221.232.50.196,itruittcj@illinois.edu,Female,70.72.160.38
453,Nollie,Skyner,243.32.72.204,nskynerck@sourceforge.net,Female,32.82.75.129
454,Cobb,Coumbe,224.25.65.246,ccoumbecl@omniture.com,Male,56.45.78.126
455,Shelli,O' Dooley,84.131.45.122,sodooleycm@virginia.edu,Female,143.59.87.60
456,Alvan,Ottley,108.22.177.161,aottleycn@typepad.com,Male,179.188.141.239
457,Tudor,Heathcoat,71.107.46.43,theathcoatco@flavors.me,Male,73.52.112.167
458,Mikey,Beavors,218.251.22.65,mbeavorscp@msn.com,Genderfluid,55.36.56.51
459,Morse,Chaldecott,127.129.16.204,mchaldecottcq@wikimedia.org,Male,118.83.236.113
460,Rorie,Perulli,80.161.98.208,rperullicr@linkedin.com,Female,147.36.30.151
461,Lynnell,Ciccotti,169.80.222.250,lciccottics@blog.com,Female,229.101.190.146
462,Chelsie,Ioan,52.112.21.156,cioanct@thetimes.co.uk,Female,126.104.173.143
463,Keriann,Goodright,114.2.13.7,kgoodrightcu@webmd.com,Genderfluid,173.120.162.121
464,Simonette,Baldree,46.211.63.156,sbaldreecv@rakuten.co.jp,Female,5.110.225.88
465,Winni,Lippingwell,200.203.82.195,wlippingwellcw@liveinternet.ru,Female,27.187.76.83
466,Lucretia,Josefsson,122.76.58.72,ljosefssoncx@tamu.edu,Bigender,226.67.180.165
467,Stanton,Street,120.127.48.182,sstreetcy@mozilla.com,Male,253.88.155.214
468,Pamella,Gwilt,136.97.244.114,pgwiltcz@amazon.co.jp,Female,155.173.240.226
469,Sigismond,Cruce,199.62.116.136,scruced0@auda.org.au,Male,187.91.214.138
470,Allianora,Lovejoy,103.128.133.33,alovejoyd1@house.gov,Female,40.254.224.121
471,Irvine,Kainz,113.29.174.40,ikainzd2@census.gov,Male,225.180.220.155
472,Nara,Greig,44.82.84.93,ngreigd3@time.com,Female,228.40.31.153
473,Milty,Ovens,14.201.211.34,movensd4@slate.com,Male,135.86.29.223
474,Marsh,Laise,159.172.202.11,mlaised5@hp.com,Male,174.249.110.105
475,Jobey,Rude,199.238.147.248,jruded6@harvard.edu,Female,82.164.36.166
476,Easter,Froom,254.60.16.3,efroomd7@marriott.com,Female,220.216.25.54
477,Neddy,Cabotto,70.88.220.106,ncabottod8@yolasite.com,Male,90.64.243.32
478,Heidie,Bonas,222.142.231.145,hbonasd9@geocities.jp,Female,126.197.196.46
479,Chevy,Dudney,154.212.78.44,cdudneyda@gnu.org,Male,66.128.238.239
480,Bernardo,Speedin,2.55.118.74,bspeedindb@redcross.org,Male,108.41.142.17
481,Shoshana,Lesly,23.5.196.247,sleslydc@noaa.gov,Female,210.65.41.116
482,Raviv,De Hooge,158.1.130.193,rdehoogedd@gravatar.com,Male,135.196.52.52
483,Gary,Gulk,8.219.79.220,ggulkde@army.mil,Male,191.232.217.161
484,Rik,Durnall,151.93.141.113,rdurnalldf@com.com,Male,95.81.57.232
485,Sarette,Dollman,54.172.52.176,sdollmandg@exblog.jp,Female,132.8.30.225
486,Tobe,Ends,182.204.78.8,tendsdh@4shared.com,Female,255.64.179.194
487,Othilia,Gilligan,83.225.187.51,ogilligandi@hc360.com,Female,39.222.157.191
488,Wenda,Bielby,144.181.198.159,wbielbydj@ezinearticles.com,Female,126.114.164.107
489,Joseph,Carlsson,252.36.207.121,jcarlssondk@chron.com,Male,150.162.234.36
490,Gary,Gallant,235.25.53.212,ggallantdl@fastcompany.com,Male,53.118.222.143
491,Doralyn,Gulberg,81.126.45.243,dgulbergdm@mlb.com,Female,4.177.228.75
492,Roslyn,Dirkin,138.234.216.92,rdirkindn@istockphoto.com,Polygender,42.254.117.253
493,Jordon,Greeson,238.218.199.210,jgreesondo@mtv.com,Male,187.228.22.199
494,Skip,Smitheman,121.183.9.69,ssmithemandp@uiuc.edu,Male,67.173.19.243
495,Kristy,Boxell,201.100.246.225,kboxelldq@example.com,Female,74.54.158.171
496,Chadwick,Gouldthorpe,210.142.90.110,cgouldthorpedr@oracle.com,Male,104.1.61.114
497,Gerrie,Grodden,79.186.10.195,ggroddends@technorati.com,Non-binary,135.49.231.114
498,Oralla,Beeho,22.95.221.26,obeehodt@pen.io,Female,58.95.216.56
499,Cornell,Chadbourne,227.170.129.174,cchadbournedu@businessweek.com,Male,220.1.65.213
500,Jarvis,Leming,152.140.16.252,jlemingdv@blogspot.com,Male,6.74.230.85
501,Demetre,Clemoes,202.40.219.168,dclemoesdw@trellian.com,Male,138.72.153.113
502,Mela,Dicey,92.6.55.151,mdiceydx@businessinsider.com,Female,117.113.208.60
503,Fiorenze,Tarling,30.241.1.196,ftarlingdy@virginia.edu,Female,86.147.145.35
504,Forrest,Topping,137.43.45.240,ftoppingdz@merriam-webster.com,Male,188.89.146.93
505,Sibel,Chene,212.104.211.69,schenee0@hibu.com,Female,216.168.119.44
506,Meryl,Coomer,199.129.100.173,mcoomere1@dedecms.com,Female,184.175.42.211
507,Rosette,Dunkerley,66.50.107.205,rdunkerleye2@abc.net.au,Non-binary,6.37.28.198
508,Gard,Rentilll,247.178.104.158,grentillle3@home.pl,Male,117.201.216.48
509,Nowell,Trevethan,151.76.136.53,ntrevethane4@weather.com,Male,82.22.178.96
510,Burch,Moulding,18.46.64.68,bmouldinge5@prlog.org,Male,232.66.217.147
511,Willi,Eshmade,16.222.251.171,weshmadee6@csmonitor.com,Genderqueer,2.61.194.196
512,Koenraad,Farnham,183.133.55.15,kfarnhame7@tmall.com,Male,43.189.190.109
513,Gianina,Kinsell,208.127.9.130,gkinselle8@irs.gov,Female,37.92.147.159
514,Gertrude,Batcheldor,167.138.222.47,gbatcheldore9@nymag.com,Female,144.178.145.46
515,Rhodie,De Hooge,151.224.50.228,rdehoogeea@wix.com,Female,171.217.191.90
516,Abe,Fawdery,44.22.139.137,afawderyeb@yolasite.com,Male,112.167.52.41
517,Olive,Moyse,57.235.245.172,omoyseec@google.it,Agender,236.145.197.249
518,Zared,Broske,30.64.246.43,zbroskeed@nature.com,Agender,153.207.71.226
519,Eugenio,Barnham,4.145.40.17,ebarnhamee@linkedin.com,Male,42.245.197.51
520,Sena,McJerrow,248.127.46.122,smcjerrowef@e-recht24.de,Female,220.202.56.99
521,Britni,Titchard,86.220.10.94,btitchardeg@howstuffworks.com,Female,239.26.105.218
522,Nicolais,Suttling,108.108.55.152,nsuttlingeh@reverbnation.com,Male,21.56.112.166
523,Dredi,Boag,158.73.68.36,dboagei@google.pl,Female,247.93.219.107
524,Lisbeth,Bagott,26.181.55.83,lbagottej@loc.gov,Polygender,235.45.116.239
525,Ulric,Gautrey,157.72.118.120,ugautreyek@icio.us,Male,132.245.102.111
526,Shurlocke,Skeeles,70.171.71.216,sskeelesel@amazon.co.uk,Polygender,104.187.90.70
527,Balduin,Darth,25.77.74.238,bdarthem@people.com.cn,Male,21.207.73.91
528,Bernarr,Gaw,116.70.81.149,bgawen@reuters.com,Male,212.217.225.216
529,Orlando,Heindl,59.117.163.164,oheindleo@whitehouse.gov,Male,189.218.38.249
530,Aldis,Selwyne,169.143.31.158,aselwyneep@goodreads.com,Male,130.43.206.184
531,Sarge,Colthurst,144.164.115.195,scolthursteq@japanpost.jp,Male,191.241.133.171
532,Ginni,Pfiffer,24.87.165.158,gpfifferer@kickstarter.com,Polygender,116.218.67.15
533,Diane,Cullon,96.118.197.200,dcullones@soundcloud.com,Female,240.179.138.219
534,Chas,Simpson,113.88.237.244,csimpsonet@jugem.jp,Male,17.67.100.189
535,Demott,Gillmor,170.121.173.35,dgillmoreu@bbc.co.uk,Bigender,50.192.59.109
536,Micheal,Heard,243.251.235.12,mheardev@mozilla.com,Bigender,203.100.29.117
537,Phebe,Stockney,97.212.70.137,pstockneyew@psu.edu,Female,11.219.141.209
538,Jannel,Pepin,208.222.85.42,jpepinex@noaa.gov,Female,177.77.130.145
539,Willie,Kauscher,203.41.199.231,wkauscherey@infoseek.co.jp,Male,70.35.225.74
540,Jane,Tomaskov,52.187.254.56,jtomaskovez@opensource.org,Female,28.184.146.98
541,Hayes,Harsant,249.41.221.150,hharsantf0@networkadvertising.org,Male,114.147.42.55
542,Eudora,Golly,36.66.98.241,egollyf1@facebook.com,Female,93.219.176.35
543,Coretta,Craney,102.89.251.208,ccraneyf2@imgur.com,Female,228.240.83.254
544,Sancho,Avrahamy,102.0.122.51,savrahamyf3@wired.com,Male,74.12.16.245
545,Lynnell,MacCall,84.2.117.74,lmaccallf4@reverbnation.com,Female,206.213.228.129
546,Kimberlee,Steagall,223.159.153.249,ksteagallf5@freewebs.com,Female,249.139.73.183
547,Porter,Morrilly,123.47.164.122,pmorrillyf6@wp.com,Male,117.28.255.66
548,Caterina,MacMechan,89.204.159.169,cmacmechanf7@reference.com,Female,68.166.135.252
549,Kimberley,Puddin,235.52.14.19,kpuddinf8@walmart.com,Polygender,113.231.102.86
550,Liv,Dongles,125.249.183.23,ldonglesf9@smugmug.com,Female,87.123.22.170
551,Timmi,Botterman,179.194.62.75,tbottermanfa@addthis.com,Female,227.44.9.133
552,Pammie,Ludford,180.73.99.238,pludfordfb@google.pl,Female,6.172.247.188
553,Peadar,Fronks,10.128.142.106,pfronksfc@weebly.com,Bigender,162.168.29.54
554,Marie,Hargie,136.120.214.106,mhargiefd@eventbrite.com,Female,144.221.33.74
555,Kean,Colebourn,71.147.211.39,kcolebournfe@blogspot.com,Male,233.41.165.66
556,Shandee,Pettett,84.9.135.68,spettettff@trellian.com,Female,193.40.209.225
557,Eduardo,Pimlett,13.23.68.222,epimlettfg@de.vu,Male,78.210.130.114
558,Estel,Richardeau,50.35.154.247,erichardeaufh@mozilla.org,Female,89.204.252.107
559,Jemmie,Kearle,114.236.162.47,jkearlefi@noaa.gov,Female,171.202.106.112
560,Madlen,Carson,229.63.170.73,mcarsonfj@admin.ch,Female,120.194.207.42
561,Bette,Routhorn,228.234.76.30,brouthornfk@oakley.com,Female,146.140.176.137
562,Bertrando,Jahndel,213.246.23.128,bjahndelfl@google.com.au,Polygender,220.149.22.184
563,Ernestus,Sproat,73.156.47.112,esproatfm@java.com,Male,87.37.87.83
564,Dylan,Schaben,156.192.96.214,dschabenfn@freewebs.com,Male,236.4.117.164
565,Sterling,Burrass,144.154.226.118,sburrassfo@columbia.edu,Male,235.3.52.229
566,Sebastien,Purdom,239.167.234.16,spurdomfp@free.fr,Male,77.62.150.164
567,Nollie,Budik,131.162.12.117,nbudikfq@answers.com,Female,59.143.9.94
568,Ruben,Bernt,23.151.112.68,rberntfr@csmonitor.com,Agender,47.166.177.216
569,Thurstan,Lidster,2.156.94.202,tlidsterfs@mail.ru,Male,114.137.187.113
570,Gene,Mallinder,128.125.16.221,gmallinderft@abc.net.au,Male,86.63.126.251
571,Roma,Loughlin,187.48.174.108,rloughlinfu@goo.gl,Male,44.72.220.142
572,Koenraad,Reihm,215.116.82.4,kreihmfv@wisc.edu,Male,166.45.148.239
573,Addia,Bletsor,140.242.224.5,abletsorfw@go.com,Female,40.172.121.24
574,Henrietta,Hendrik,15.186.64.16,hhendrikfx@people.com.cn,Female,216.187.100.255
575,Lilli,Cutridge,63.157.32.5,lcutridgefy@mayoclinic.com,Female,216.132.102.217
576,Zaneta,Gammet,111.244.221.244,zgammetfz@addthis.com,Female,36.158.117.98
577,Peter,Breakspear,121.114.95.253,pbreakspearg0@geocities.jp,Genderfluid,120.245.155.199
578,Harri,Nyssen,9.149.191.157,hnysseng1@wikia.com,Female,107.0.152.221
579,Sallie,Le Provost,142.18.49.249,sleprovostg2@vkontakte.ru,Female,49.247.204.126
580,Jacinta,Kervin,207.96.172.75,jkerving3@usa.gov,Female,233.102.124.204
581,Pietrek,Edmeades,68.132.89.98,pedmeadesg4@eepurl.com,Male,178.119.160.211
582,Nap,Delacroux,117.43.123.149,ndelacrouxg5@europa.eu,Male,121.161.78.161
583,Bryn,Mackelworth,26.74.50.84,bmackelworthg6@ftc.gov,Female,146.135.123.168
584,Letta,Pheazey,68.104.153.6,lpheazeyg7@de.vu,Female,47.51.158.166
585,Rudie,Dwight,149.178.183.245,rdwightg8@cam.ac.uk,Male,242.134.140.202
586,Karole,Murr,28.1.139.145,kmurrg9@go.com,Female,161.181.218.53
587,Bernette,Joblin,195.84.99.232,bjoblinga@bbc.co.uk,Female,231.22.2.235
588,Lidia,Waycott,60.254.42.116,lwaycottgb@chicagotribune.com,Female,5.58.65.143
589,Tammie,Beeken,72.209.46.0,tbeekengc@4shared.com,Female,201.156.9.63
590,Jedediah,Barrowclough,136.131.192.21,jbarrowcloughgd@google.cn,Male,32.132.40.145
591,Lisabeth,De Hooge,55.69.50.234,ldehoogege@jugem.jp,Female,164.215.199.228
592,Valdemar,Chestle,26.172.171.42,vchestlegf@miibeian.gov.cn,Male,230.64.54.183
593,Natalina,MacLeod,16.94.38.166,nmacleodgg@weebly.com,Female,47.62.191.40
594,Garik,Hawke,76.55.195.184,ghawkegh@twitpic.com,Male,7.224.211.190
595,Rubi,Halmkin,102.166.237.122,rhalmkingi@miibeian.gov.cn,Female,243.13.225.157
596,Buck,Basden,54.164.207.161,bbasdengj@acquirethisname.com,Male,232.254.1.174
597,Rani,Gatus,10.183.80.99,rgatusgk@instagram.com,Female,241.80.132.2
598,Charissa,Rathe,205.111.86.69,crathegl@wp.com,Female,176.190.38.43
599,Edwina,Doncaster,230.197.168.95,edoncastergm@cnbc.com,Female,65.143.245.182
600,Hugh,Danby,191.208.109.45,hdanbygn@intel.com,Male,203.147.228.21
601,Dorree,Cragell,237.131.87.220,dcragellgo@wired.com,Female,72.172.14.136
602,Maggie,Rosario,88.1.174.109,mrosariogp@google.it,Polygender,193.194.142.224
603,Sayers,Bawme,29.131.229.103,sbawmegq@livejournal.com,Male,157.34.186.69
604,Genevra,Heindrick,31.174.93.68,gheindrickgr@mtv.com,Female,163.0.75.113
605,Mariel,Gadman,222.224.233.99,mgadmangs@behance.net,Female,158.128.132.112
606,Orelle,Keningley,173.221.91.183,okeningleygt@so-net.ne.jp,Female,90.165.137.5
607,Saleem,Swinburne,223.122.59.215,sswinburnegu@tripadvisor.com,Male,168.45.77.190
608,Alfons,Topp,106.52.150.75,atoppgv@homestead.com,Male,164.10.237.236
609,Cheri,Sanday,143.86.232.89,csandaygw@sun.com,Female,116.121.228.4
610,Auberon,Lange,60.207.113.205,alangegx@skyrock.com,Polygender,96.220.42.197
611,Garnette,Aiers,71.73.171.156,gaiersgy@amazon.co.uk,Polygender,202.184.202.106
612,Ashlin,Bevis,206.112.115.249,abevisgz@ca.gov,Male,17.183.122.30
613,Renate,Kitchingham,114.236.24.204,rkitchinghamh0@meetup.com,Female,137.189.19.160
614,Edouard,Hallan,58.149.140.221,ehallanh1@theglobeandmail.com,Male,80.220.132.107
615,Alex,Siebert,39.127.245.15,asieberth2@webmd.com,Male,188.65.58.27
616,Edythe,Godthaab,231.143.63.29,egodthaabh3@dailymotion.com,Genderfluid,63.63.161.239
617,Lexis,Weymouth,105.11.59.69,lweymouthh4@cargocollective.com,Female,194.149.54.226
618,Isis,Scholcroft,29.196.51.111,ischolcrofth5@whitehouse.gov,Female,54.159.150.9
619,Demetri,Salack,177.82.74.87,dsalackh6@free.fr,Male,166.87.48.80
620,Lacee,Fleckness,196.127.192.243,lflecknessh7@reverbnation.com,Female,7.37.231.123
621,Floria,Samsonsen,66.131.192.200,fsamsonsenh8@naver.com,Female,160.235.227.179
622,Annette,Moston,106.158.75.197,amostonh9@webnode.com,Female,156.60.222.206
623,Judith,Frostdick,217.152.10.138,jfrostdickha@hatena.ne.jp,Female,31.227.187.116
624,Curtis,Cridlan,28.73.215.21,ccridlanhb@bloglovin.com,Male,233.16.145.244
625,Cathi,Liddle,84.11.79.253,cliddlehc@wikia.com,Female,131.28.182.30
626,Westbrook,Baistow,173.145.213.0,wbaistowhd@wunderground.com,Male,53.48.241.176
627,Adella,Humbey,184.82.21.146,ahumbeyhe@mtv.com,Female,14.139.201.132
628,Hertha,Leteurtre,80.129.121.135,hleteurtrehf@csmonitor.com,Female,232.98.48.239
629,Corinna,Lunnon,117.168.219.15,clunnonhg@sina.com.cn,Female,240.227.247.140
630,Alessandro,Bagwell,9.51.75.232,abagwellhh@g.co,Male,248.10.21.249
631,Zelma,Fearns,188.254.70.37,zfearnshi@4shared.com,Female,140.233.88.145
632,Aleece,Skerrett,149.169.15.105,askerretthj@earthlink.net,Female,159.6.198.83
633,Nicolas,Owbrick,196.210.87.54,nowbrickhk@github.io,Genderqueer,87.226.161.219
634,Bonny,Bentinck,114.186.70.85,bbentinckhl@psu.edu,Female,31.42.188.23
635,Edan,Dilley,16.227.212.212,edilleyhm@mysql.com,Male,142.25.121.36
636,Karylin,Chalcroft,75.151.3.10,kchalcrofthn@google.nl,Female,74.186.6.211
637,Electra,Lennarde,2.236.203.212,elennardeho@skyrock.com,Female,251.77.39.210
638,Danette,Crowcombe,104.1.184.180,dcrowcombehp@squarespace.com,Female,119.49.27.244
639,Doroteya,Brimson,191.88.178.211,dbrimsonhq@hud.gov,Female,19.66.206.159
640,Binny,Froude,207.199.41.189,bfroudehr@noaa.gov,Female,225.11.118.201
641,Vasili,Sangwine,171.150.61.18,vsangwinehs@webmd.com,Male,224.79.65.182
642,Sal,Supple,0.57.114.179,ssuppleht@wired.com,Male,205.43.165.188
643,Harmonie,Raddenbury,230.230.123.93,hraddenburyhu@nps.gov,Female,169.188.133.42
644,Renaud,Keene,222.217.89.214,rkeenehv@shareasale.com,Male,145.209.82.69
645,Dix,Attow,127.59.222.61,dattowhw@ft.com,Female,233.67.168.167
646,Ladonna,Kelway,26.85.86.220,lkelwayhx@icio.us,Female,27.232.120.75
647,Theodosia,Laible,208.172.232.59,tlaiblehy@aboutads.info,Female,67.185.237.4
648,Fulvia,Paschke,179.149.236.50,fpaschkehz@ustream.tv,Female,218.158.186.1
649,Sauveur,Marval,77.82.165.178,smarvali0@arizona.edu,Male,221.128.165.164
650,Hamid,Tocher,59.69.30.131,htocheri1@blogspot.com,Genderfluid,198.61.251.233
651,Mei,Caff,78.55.71.129,mcaffi2@indiegogo.com,Female,4.200.162.52
652,Tiffy,Seamen,194.81.144.214,tseameni3@virginia.edu,Female,85.84.124.99
653,Freda,Capron,15.154.226.212,fcaproni4@de.vu,Agender,229.107.9.121
654,Sibel,Gallico,245.176.134.33,sgallicoi5@canalblog.com,Agender,209.55.97.248
655,Raimondo,Beavis,13.168.177.135,rbeavisi6@trellian.com,Male,93.183.237.82
656,Demetria,Dussy,113.121.214.104,ddussyi7@house.gov,Female,134.77.2.122
657,Joletta,Laker,122.0.71.32,jlakeri8@feedburner.com,Female,95.109.73.203
658,Farlay,Hastelow,245.156.111.210,fhastelowi9@posterous.com,Male,116.13.142.118
659,Alfonso,Reeman,251.9.253.77,areemania@hibu.com,Male,90.189.110.142
660,Shayne,Philippet,109.143.36.18,sphilippetib@linkedin.com,Female,188.139.147.78
661,Verna,Pudney,36.234.65.116,vpudneyic@lycos.com,Polygender,136.1.244.228
662,Borden,Gilardi,68.187.112.0,bgilardiid@washingtonpost.com,Male,80.135.81.168
663,Enrique,Vasler,254.143.225.80,evaslerie@tinypic.com,Male,115.114.219.113
664,Maddy,Friedank,235.134.182.155,mfriedankif@so-net.ne.jp,Male,47.72.155.99
665,Durant,Joselin,225.34.113.150,djoselinig@woothemes.com,Male,195.170.123.88
666,Parker,Pieper,56.148.73.134,ppieperih@noaa.gov,Male,20.64.65.187
667,Humbert,Pine,165.90.195.2,hpineii@smugmug.com,Male,137.161.148.143
668,Caren,Revening,41.248.35.55,creveningij@washingtonpost.com,Female,254.112.30.233
669,Lucio,Swepson,144.175.197.248,lswepsonik@cnbc.com,Male,51.89.21.109
670,Kalvin,Carnduff,22.0.191.101,kcarnduffil@sina.com.cn,Male,15.66.64.193
671,Sukey,Whisker,100.105.204.114,swhiskerim@state.gov,Female,51.86.104.221
672,Lorin,MacMychem,167.33.139.121,lmacmychemin@nifty.com,Male,130.25.103.182
673,Jacques,Greedyer,165.16.124.189,jgreedyerio@prweb.com,Male,43.47.92.136
674,Eloisa,Lamborn,182.39.26.147,elambornip@creativecommons.org,Female,213.133.103.232
675,Shellysheldon,Schlagtmans,189.20.21.229,sschlagtmansiq@netvibes.com,Male,93.151.80.239
676,Amil,Dael,114.207.123.206,adaelir@mit.edu,Female,16.54.137.223
677,Carmine,Sibbit,0.45.174.135,csibbitis@jigsy.com,Male,165.216.248.79
678,Letty,Boydle,180.189.145.171,lboydleit@nhs.uk,Female,179.150.216.86
679,Elroy,Houlton,210.182.232.237,ehoultoniu@altervista.org,Male,119.72.92.17
680,Truda,Lennarde,30.104.194.175,tlennardeiv@biblegateway.com,Female,251.161.95.202
681,Rudolph,Jeffcoat,6.42.175.240,rjeffcoatiw@4shared.com,Agender,64.166.167.110
682,Tilly,Fells,214.106.110.215,tfellsix@photobucket.com,Female,123.90.0.83
683,Johann,Culleton,20.52.232.62,jculletoniy@pbs.org,Male,186.113.131.216
684,Cloris,Carcas,34.208.139.28,ccarcasiz@mail.ru,Female,217.242.149.197
685,Husein,Szreter,52.148.242.75,hszreterj0@cloudflare.com,Male,8.33.54.230
686,Elvin,Butchart,48.228.26.72,ebutchartj1@examiner.com,Male,9.27.92.232
687,Bridie,Rookes,67.12.73.182,brookesj2@cocolog-nifty.com,Female,211.199.150.45
688,Sybilla,Ary,77.254.58.85,saryj3@cnn.com,Female,17.68.149.205
689,Roth,Choake,44.116.53.151,rchoakej4@youku.com,Male,121.133.189.37
690,Harold,Fasler,76.2.228.223,hfaslerj5@google.de,Male,50.35.153.41
691,Dewitt,Yedall,75.221.173.249,dyedallj6@hp.com,Male,86.152.131.211
692,Neala,Stoak,140.179.77.200,nstoakj7@dmoz.org,Female,25.8.245.24
693,Candra,Grent,220.224.103.237,cgrentj8@123-reg.co.uk,Female,182.238.207.36
694,Powell,Callaby,59.236.192.31,pcallabyj9@nps.gov,Male,168.56.106.200
695,Lyn,Chiddy,46.35.91.224,lchiddyja@yolasite.com,Male,106.173.2.213
696,Patin,Roan,37.63.118.35,proanjb@ca.gov,Male,205.38.249.172
697,Alphonse,Greedyer,98.131.20.153,agreedyerjc@mashable.com,Male,201.210.212.117
698,Riley,Ellcome,51.178.198.49,rellcomejd@ocn.ne.jp,Male,29.238.43.215
699,Erin,Shakeshaft,34.129.29.160,eshakeshaftje@earthlink.net,Female,43.7.194.185
700,Matthieu,Klimov,56.157.230.2,mklimovjf@mac.com,Male,10.204.34.36
701,Tamera,McMenamin,139.28.85.40,tmcmenaminjg@census.gov,Female,57.6.43.21
702,Mab,Cobelli,177.209.121.121,mcobellijh@pinterest.com,Female,56.58.164.255
703,Jaquenette,Ewing,213.190.249.67,jewingji@amazonaws.com,Female,251.85.44.161
704,Jilly,Vasyukhnov,233.48.121.72,jvasyukhnovjj@discuz.net,Female,237.236.60.2
705,Milt,Wildt,230.181.53.40,mwildtjk@wunderground.com,Male,185.129.170.182
706,Hersch,Dolphin,129.44.190.0,hdolphinjl@salon.com,Male,164.75.91.199
707,Jammie,Beckitt,1.230.38.187,jbeckittjm@yellowpages.com,Female,20.114.137.13
708,Lawrence,Bewlay,149.173.209.91,lbewlayjn@senate.gov,Male,76.0.2.47
709,Jaye,Enrique,240.232.60.99,jenriquejo@exblog.jp,Polygender,182.93.195.6
710,Louisette,Cotterrill,179.131.100.27,lcotterrilljp@sbwire.com,Agender,148.193.161.192
711,Gabey,Coyett,88.70.241.175,gcoyettjq@google.com.au,Female,202.71.143.207
712,Ezekiel,Shovelton,21.104.75.236,eshoveltonjr@scribd.com,Genderqueer,24.213.80.197
713,Selinda,Todarello,243.239.20.197,stodarellojs@rediff.com,Female,124.239.172.242
714,Demetria,Harrowing,36.227.72.162,dharrowingjt@sourceforge.net,Female,0.12.200.183
715,Jock,Bolte,19.8.251.178,jbolteju@unc.edu,Male,15.233.10.72
716,Beau,Simonaitis,220.90.210.177,bsimonaitisjv@youtube.com,Male,198.147.151.25
717,Waylin,Crangle,251.175.115.38,wcranglejw@blogger.com,Male,168.64.175.167
718,Idelle,Zamorrano,120.161.228.164,izamorranojx@arizona.edu,Female,192.121.108.27
719,Henri,Geale,148.194.67.158,hgealejy@washington.edu,Male,177.117.243.234
720,Darryl,Gaiger,130.244.43.173,dgaigerjz@infoseek.co.jp,Male,22.71.176.86
721,Sidoney,Semple,100.105.111.140,ssemplek0@webnode.com,Female,47.237.222.67
722,Olvan,Penhearow,19.102.172.60,openhearowk1@storify.com,Male,83.165.213.148
723,Jasun,Southeran,89.204.175.164,jsoutherank2@marketwatch.com,Male,229.153.134.163
724,Gino,Norgan,29.95.201.41,gnorgank3@shop-pro.jp,Agender,29.4.168.241
725,Lilias,Schirok,145.109.1.229,lschirokk4@oakley.com,Female,0.249.169.164
726,Hubie,Winslet,174.111.200.157,hwinsletk5@constantcontact.com,Agender,204.56.120.160
727,Sydelle,Jager,174.70.217.137,sjagerk6@mtv.com,Female,63.103.166.229
728,Seymour,Cheverell,240.76.237.107,scheverellk7@blogs.com,Bigender,116.253.106.167
729,Neely,Frapwell,189.53.172.134,nfrapwellk8@xing.com,Female,213.147.161.209
730,Rogerio,Maus,182.250.238.76,rmausk9@com.com,Male,101.153.97.228
731,Berky,Ellice,192.99.7.210,belliceka@multiply.com,Male,32.6.14.81
732,Star,Maidstone,49.86.97.16,smaidstonekb@dagondesign.com,Female,17.65.179.78
733,Johann,Escolme,38.107.185.166,jescolmekc@plala.or.jp,Non-binary,80.46.145.27
734,Barclay,Jencken,235.40.222.133,bjenckenkd@amazon.de,Male,188.209.182.92
735,Camile,Cuschieri,50.96.95.107,ccuschierike@state.tx.us,Female,37.66.27.78
736,Efren,Watkiss,164.52.4.213,ewatkisskf@nasa.gov,Male,3.19.39.151
737,Sherwin,Losbie,93.64.214.206,slosbiekg@senate.gov,Male,242.208.189.217
738,Cirilo,Glaisner,219.148.78.143,cglaisnerkh@hubpages.com,Male,147.134.219.99
739,Hamnet,Franzini,107.216.229.125,hfranziniki@hibu.com,Male,57.190.165.91
740,Dilan,McUre,183.190.137.228,dmcurekj@networksolutions.com,Male,60.189.130.63
741,Lorelle,Sollner,193.216.166.3,lsollnerkk@sphinn.com,Female,189.132.89.41
742,Hedy,Searby,251.185.142.94,hsearbykl@nyu.edu,Female,49.93.48.46
743,Danie,Pieter,215.239.244.108,dpieterkm@e-recht24.de,Male,208.200.53.3
744,Yolanda,Geck,9.204.235.229,ygeckkn@blogspot.com,Female,177.130.48.74
745,Hermie,Harnell,184.217.105.50,hharnellko@instagram.com,Male,225.113.106.79
746,Isa,Bamlett,153.209.182.192,ibamlettkp@hibu.com,Female,94.235.110.18
747,Yancey,Sambrook,254.111.34.145,ysambrookkq@si.edu,Male,45.113.228.58
748,Kass,Wilstead,193.47.158.199,kwilsteadkr@e-recht24.de,Female,193.31.211.195
749,Petronilla,Kissick,250.182.247.174,pkissickks@auda.org.au,Female,80.222.233.19
750,Val,Borsnall,53.157.6.57,vborsnallkt@bbb.org,Female,25.10.40.51
751,Alford,Mouse,235.174.244.248,amouseku@amazon.co.jp,Agender,217.221.111.112
752,Joell,Giacubo,13.122.31.71,jgiacubokv@cbsnews.com,Female,176.107.166.63
753,Taddeo,Swadden,40.190.115.19,tswaddenkw@xinhuanet.com,Male,230.210.56.215
754,Belvia,Wayper,1.64.138.208,bwayperkx@homestead.com,Female,50.123.1.84
755,Clarinda,Verryan,152.111.161.21,cverryanky@github.com,Female,192.59.233.24
756,Levy,Hoofe,189.59.17.27,lhoofekz@nydailynews.com,Male,116.108.188.144
757,Kaiser,MacGorrie,18.19.104.32,kmacgorriel0@creativecommons.org,Male,80.192.201.56
758,Bettina,Benallack,198.115.43.107,bbenallackl1@cnet.com,Genderqueer,145.131.6.206
759,Marylin,Stone Fewings,86.14.76.59,mstonefewingsl2@ox.ac.uk,Female,73.200.158.75
760,Ximenez,Hulle,96.54.33.78,xhullel3@scientificamerican.com,Male,62.243.208.71
761,Rene,Filson,222.28.253.66,rfilsonl4@hostgator.com,Non-binary,118.109.149.136
762,Leanna,Bentame,228.82.29.23,lbentamel5@com.com,Female,129.128.8.34
763,Constantino,Sinkins,95.103.252.123,csinkinsl6@boston.com,Male,252.226.98.226
764,Nickola,Hiscocks,103.15.133.166,nhiscocksl7@vkontakte.ru,Male,84.245.234.124
765,Doralynn,Genthner,58.163.109.45,dgenthnerl8@icq.com,Female,20.202.72.185
766,Heather,Pibsworth,210.126.227.21,hpibsworthl9@reverbnation.com,Female,131.41.47.68
767,Ivette,Meake,145.172.245.167,imeakela@altervista.org,Non-binary,207.17.150.146
768,Meryl,Polfer,152.164.124.7,mpolferlb@utexas.edu,Female,156.168.87.220
769,Ailsun,Stennet,61.135.219.123,astennetlc@tmall.com,Female,44.14.28.236
770,Herb,Sibbet,98.149.49.250,hsibbetld@domainmarket.com,Male,189.129.89.194
771,Batholomew,Playfoot,23.145.121.104,bplayfootle@phpbb.com,Male,83.75.244.252
772,Tarah,Collip,134.237.151.118,tcolliplf@furl.net,Bigender,178.247.123.10
773,Vally,Jacox,79.206.244.100,vjacoxlg@marriott.com,Female,248.240.78.241
774,Suzy,Godfray,99.236.27.96,sgodfraylh@epa.gov,Female,205.88.168.99
775,Corie,Geillier,176.97.121.40,cgeillierli@ask.com,Polygender,157.146.116.254
776,Marchelle,Paullin,178.158.66.59,mpaullinlj@disqus.com,Female,132.188.80.91
777,Blancha,Wyper,120.196.38.200,bwyperlk@sun.com,Female,40.84.120.16
778,Wolfy,Stroder,94.212.157.210,wstroderll@t.co,Male,224.92.62.215
779,Gerek,Whiteway,77.232.180.79,gwhitewaylm@blogger.com,Male,229.161.67.43
780,Henka,Stallybrass,96.152.90.28,hstallybrassln@gmpg.org,Female,151.89.41.103
781,Den,Larwell,225.81.82.215,dlarwelllo@independent.co.uk,Polygender,188.10.165.118
782,Zorah,Greally,249.240.189.89,zgreallylp@taobao.com,Female,97.104.254.196
783,Saudra,Cayzer,138.113.68.193,scayzerlq@constantcontact.com,Female,37.151.190.122
784,Jewel,Fourman,108.217.83.3,jfourmanlr@sohu.com,Female,188.93.236.214
785,Adela,McConnel,20.168.160.77,amcconnells@deliciousdays.com,Female,227.90.4.71
786,Herb,Eseler,148.229.199.193,heselerlt@amazon.co.jp,Male,150.124.105.232
787,Zelma,Beller,221.3.163.108,zbellerlu@lycos.com,Agender,225.97.47.152
788,Pauli,Tasker,45.97.199.223,ptaskerlv@dagondesign.com,Genderqueer,225.224.204.202
789,Lilith,Durrell,39.33.46.36,ldurrelllw@amazon.co.uk,Female,89.203.84.9
790,Ginger,Fraine,119.173.184.22,gfrainelx@imgur.com,Female,241.32.32.8
791,Chastity,Elkin,86.164.85.67,celkinly@mapquest.com,Female,179.217.46.213
792,Irma,Imison,27.126.189.88,iimisonlz@comsenz.com,Female,229.6.3.168
793,Jessalin,Dullard,213.120.168.28,jdullardm0@wiley.com,Genderfluid,251.86.226.39
794,Saree,Pettisall,173.49.15.251,spettisallm1@plala.or.jp,Female,11.98.12.192
795,Hobie,Murrum,90.98.23.32,hmurrumm2@woothemes.com,Male,166.136.131.188
796,Nicolas,Gooley,63.101.102.52,ngooleym3@comsenz.com,Male,220.248.163.209
797,Waldon,Hallewell,135.155.42.170,whallewellm4@bbc.co.uk,Male,154.97.178.148
798,Chucho,Sowthcote,208.17.218.127,csowthcotem5@fastcompany.com,Male,120.215.129.205
799,Myriam,Stobart,109.147.89.138,mstobartm6@epa.gov,Female,53.171.133.44
800,Babette,Boys,112.75.223.106,bboysm7@howstuffworks.com,Female,77.197.113.164
801,Harri,Skelcher,101.214.141.245,hskelcherm8@blogger.com,Female,240.109.54.219
802,Roddie,Schleicher,41.110.184.227,rschleicherm9@blogger.com,Male,252.30.137.133
803,Gil,Soppett,16.17.64.163,gsoppettma@goo.ne.jp,Male,143.169.172.108
804,Llewellyn,Bertomieu,88.99.14.212,lbertomieumb@etsy.com,Male,111.6.86.71
805,Reeva,Bosma,40.84.88.91,rbosmamc@vinaora.com,Female,107.140.235.25
806,Maddy,Kernock,193.227.42.95,mkernockmd@disqus.com,Female,101.92.29.236
807,Baryram,Tremolieres,216.122.121.218,btremolieresme@sphinn.com,Male,68.94.133.64
808,Mata,Libreros,209.94.34.60,mlibrerosmf@seesaa.net,Male,124.170.203.148
809,Mellie,Downing,83.156.119.245,mdowningmg@time.com,Female,87.252.167.147
810,Saundra,Axell,35.154.26.79,saxellmh@house.gov,Female,196.232.177.254
811,Emmet,Romaine,149.224.235.36,eromainemi@php.net,Male,153.165.143.200
812,Alistair,Rycraft,174.144.167.141,arycraftmj@woothemes.com,Male,5.171.80.71
813,John,Deane,85.36.171.147,jdeanemk@businesswire.com,Male,28.235.164.136
814,Hort,Sandercock,102.183.120.14,hsandercockml@shareasale.com,Male,236.66.84.35
815,Harwilll,Cookman,98.81.52.173,hcookmanmm@shinystat.com,Male,113.53.79.234
816,Gustave,Brian,249.216.235.170,gbrianmn@hibu.com,Male,171.85.164.81
817,Jasun,Lehmann,20.25.78.240,jlehmannmo@va.gov,Male,136.201.33.22
818,Chrystal,Hullin,213.65.218.54,chullinmp@spotify.com,Female,65.82.69.77
819,Donal,Vahl,144.172.40.216,dvahlmq@merriam-webster.com,Male,26.56.240.114
820,Rosalinde,Edgcumbe,225.141.74.124,redgcumbemr@jimdo.com,Non-binary,125.120.13.80
821,Faulkner,Whybray,160.136.8.212,fwhybrayms@qq.com,Genderfluid,201.190.11.229
822,Lennie,Staddart,159.41.222.220,lstaddartmt@cbsnews.com,Male,105.144.181.143
823,Birk,Riddlesden,183.33.86.128,briddlesdenmu@exblog.jp,Male,120.139.191.166
824,Shanna,Moff,155.184.110.97,smoffmv@feedburner.com,Female,94.199.235.232
825,Carmelita,Gregorio,170.147.239.128,cgregoriomw@hostgator.com,Genderfluid,92.68.240.87
826,Freddy,Gossage,109.80.158.185,fgossagemx@canalblog.com,Female,236.213.156.65
827,Kristo,Hannon,222.40.51.159,khannonmy@woothemes.com,Male,191.58.250.98
828,Amara,Van Driel,27.58.50.223,avandrielmz@elegantthemes.com,Female,94.155.177.251
829,Leonidas,Fidgeon,79.178.60.237,lfidgeonn0@ebay.com,Agender,38.182.194.179
830,Felicio,Dale,94.16.61.223,fdalen1@joomla.org,Genderfluid,23.155.176.177
831,Michail,Cops,199.111.155.91,mcopsn2@ucsd.edu,Male,238.55.142.176
832,Hurleigh,Klimas,3.210.109.182,hklimasn3@hc360.com,Male,205.130.229.127
833,Evaleen,Ungerecht,67.163.155.139,eungerechtn4@uiuc.edu,Female,119.195.231.35
834,Nicolle,Raynor,201.152.115.198,nraynorn5@goo.ne.jp,Female,31.105.242.97
835,Theressa,Spellessy,1.158.35.171,tspellessyn6@xrea.com,Genderqueer,0.95.183.59
836,Cyrillus,Nanuccioi,45.105.215.224,cnanuccioin7@opera.com,Male,111.209.200.158
837,Lisbeth,Peyzer,141.70.205.199,lpeyzern8@mapy.cz,Female,205.1.24.12
838,Kristian,Mallan,200.65.18.115,kmallann9@berkeley.edu,Male,165.51.75.8
839,Richardo,Saye,10.253.5.46,rsayena@archive.org,Bigender,64.37.255.59
840,Immanuel,Andreutti,41.74.177.102,iandreuttinb@paginegialle.it,Male,160.12.173.238
841,Patrice,Tuma,241.15.58.88,ptumanc@baidu.com,Female,122.136.165.159
842,Anselm,Bensen,206.186.139.217,abensennd@facebook.com,Male,66.148.125.156
843,Reinold,Naisey,67.63.145.133,rnaiseyne@istockphoto.com,Male,10.216.145.172
844,Kassi,Goodayle,198.38.66.117,kgoodaylenf@surveymonkey.com,Female,147.226.48.177
845,Evania,Tattersdill,63.224.143.60,etattersdillng@xinhuanet.com,Female,117.118.51.151
846,Vera,Caldwell,25.235.22.142,vcaldwellnh@prnewswire.com,Female,105.159.37.8
847,Mirabel,Gladtbach,166.198.2.81,mgladtbachni@gnu.org,Female,115.59.45.252
848,Vidovik,Allum,22.240.101.95,vallumnj@vkontakte.ru,Male,185.213.191.173
849,Melodee,Dallow,96.198.102.134,mdallownk@mozilla.com,Agender,226.85.90.152
850,Cecilius,Ockleshaw,114.196.153.204,cockleshawnl@amazon.co.uk,Male,160.186.22.156
851,Edgardo,Kobpac,60.130.47.168,ekobpacnm@hhs.gov,Male,126.25.206.163
852,Devondra,Pauls,237.63.71.237,dpaulsnn@xinhuanet.com,Female,186.110.250.182
853,Raine,O' Markey,179.227.220.118,romarkeyno@bigcartel.com,Genderfluid,150.132.207.112
854,Diane-marie,Bonnier,14.153.189.237,dbonniernp@barnesandnoble.com,Female,84.108.96.232
855,Gardy,Starford,47.223.235.6,gstarfordnq@state.gov,Male,184.185.139.53
856,Sterne,Ridgwell,125.75.1.20,sridgwellnr@ask.com,Male,244.166.85.9
857,Andrej,Josefsson,205.143.154.12,ajosefssonns@biblegateway.com,Male,98.23.184.157
858,Amata,Palmer,101.144.7.168,apalmernt@cnn.com,Female,12.88.56.163
859,Antoinette,Hedden,104.141.189.146,aheddennu@netscape.com,Female,101.176.218.87
860,Maribel,Limon,103.87.69.108,mlimonnv@cmu.edu,Female,202.86.249.227
861,Cordy,Spire,246.138.179.13,cspirenw@csmonitor.com,Male,35.202.27.10
862,Pavia,Brand,130.25.147.52,pbrandnx@nhs.uk,Female,143.223.218.68
863,Arnoldo,Pallin,70.16.96.206,apallinny@engadget.com,Male,245.165.176.103
864,Ramonda,Challes,227.5.244.10,rchallesnz@walmart.com,Female,80.239.92.10
865,Kiri,Althorpe,4.0.98.30,kalthorpeo0@ted.com,Female,158.216.36.8
866,Elise,Relf,137.187.57.224,erelfo1@eventbrite.com,Female,44.232.243.64
867,Karena,Huskisson,88.236.37.213,khuskissono2@scientificamerican.com,Female,140.55.112.61
868,Liuka,Bridgett,215.90.74.88,lbridgetto3@yahoo.com,Female,182.175.61.25
869,Cale,Desesquelle,138.205.190.65,cdesesquelleo4@fotki.com,Male,47.14.54.114
870,Beatriz,Duckerin,54.203.47.57,bduckerino5@cocolog-nifty.com,Agender,47.190.103.19
871,Angie,Perkin,218.101.20.131,aperkino6@ucla.edu,Female,62.167.223.157
872,Faber,Drewitt,231.189.143.93,fdrewitto7@newsvine.com,Agender,163.85.72.88
873,Marven,McAless,218.242.227.253,mmcalesso8@weather.com,Male,197.15.68.10
874,Scotty,Chapelhow,28.195.252.248,schapelhowo9@boston.com,Male,17.0.114.158
875,Marve,Bruckent,55.233.193.182,mbruckentoa@sun.com,Genderfluid,184.131.29.210
876,Tarrance,Letterese,32.147.251.63,tlettereseob@auda.org.au,Male,195.232.78.98
877,Darcee,Afield,96.40.36.244,dafieldoc@opera.com,Female,170.239.218.154
878,Melissa,Hirsch,140.171.194.137,mhirschod@typepad.com,Female,41.148.168.8
879,Floris,Kleinplac,175.48.21.67,fkleinplacoe@icio.us,Female,110.243.35.144
880,Cora,Botly,249.109.196.17,cbotlyof@ucoz.com,Bigender,199.11.7.203
881,Katherina,Cardenosa,108.71.22.109,kcardenosaog@booking.com,Polygender,135.223.218.221
882,Logan,Cottrell,204.210.10.61,lcottrelloh@yahoo.com,Male,157.223.220.226
883,Dorise,Meus,151.129.51.195,dmeusoi@blogger.com,Female,196.6.81.168
884,Pieter,Salterne,77.108.225.133,psalterneoj@blogs.com,Male,181.236.136.129
885,Rolland,Cristofaro,1.191.184.228,rcristofarook@csmonitor.com,Male,161.251.105.26
886,Odell,McEachern,111.13.81.116,omceachernol@tinypic.com,Male,33.154.197.166
887,Junia,Denge,66.179.218.93,jdengeom@techcrunch.com,Female,53.209.40.29
888,Drew,Albarez,100.69.49.68,dalbarezon@yolasite.com,Male,246.20.61.218
889,Rudd,Phripp,197.31.183.96,rphrippoo@bbb.org,Male,241.167.188.155
890,Priscilla,Doodson,152.37.18.110,pdoodsonop@eventbrite.com,Female,244.217.201.223
891,Latia,Gabbetis,108.231.241.234,lgabbetisoq@friendfeed.com,Female,119.125.108.42
892,Barbara,Thake,75.245.3.160,bthakeor@com.com,Female,190.188.19.201
893,Mathilda,Mangion,67.131.151.86,mmangionos@sakura.ne.jp,Polygender,29.17.119.246
894,Kaine,Sculley,210.48.1.205,ksculleyot@goodreads.com,Male,150.24.190.141
895,Wyatt,Wardington,230.20.200.191,wwardingtonou@parallels.com,Male,243.207.131.45
896,Gearalt,Ride,101.123.164.147,grideov@dyndns.org,Male,191.21.86.151
897,Alida,Clash,253.151.129.83,aclashow@constantcontact.com,Female,227.50.146.83
898,Toni,Korneichuk,95.235.110.140,tkorneichukox@is.gd,Female,152.54.92.38
899,Clim,Dukes,47.85.217.1,cdukesoy@mozilla.com,Male,46.253.196.174
900,Marcille,Oleksiak,124.219.61.33,moleksiakoz@wunderground.com,Female,182.90.57.124
901,Kylie,MacNeillie,112.28.37.47,kmacneilliep0@uiuc.edu,Female,89.151.186.157
902,Sebastiano,Kelcey,15.254.112.191,skelceyp1@nationalgeographic.com,Male,23.245.179.12
903,Coleman,Avramovic,107.138.152.57,cavramovicp2@reuters.com,Male,31.158.41.171
904,Lorry,Crimmins,237.115.91.45,lcrimminsp3@jugem.jp,Female,249.20.176.229
905,Carita,Pleass,154.201.74.234,cpleassp4@odnoklassniki.ru,Female,253.173.30.243
906,Ella,Scurman,15.123.81.178,escurmanp5@indiegogo.com,Female,26.230.21.36
907,Trudey,Nisbet,41.7.137.109,tnisbetp6@studiopress.com,Female,163.201.201.58
908,Henka,Richfield,31.48.21.238,hrichfieldp7@sciencedaily.com,Bigender,171.60.184.140
909,Wilmer,Surplice,88.17.94.168,wsurplicep8@ifeng.com,Agender,239.246.232.121
910,Maxwell,Hilley,14.126.97.158,mhilleyp9@amazon.co.jp,Male,111.39.44.203
911,Somerset,Cardo,223.19.1.217,scardopa@pcworld.com,Male,141.52.30.119
912,Yvor,Booler,183.59.241.110,yboolerpb@ft.com,Non-binary,138.174.107.63
913,Penelope,Winning,29.142.219.76,pwinningpc@businesswire.com,Female,179.205.49.21
914,Lynette,Kilfeather,233.228.70.45,lkilfeatherpd@state.tx.us,Female,195.173.169.24
915,Mike,McCotter,146.62.246.246,mmccotterpe@marketwatch.com,Male,143.27.171.244
916,Reagen,Maffin,201.125.55.216,rmaffinpf@comcast.net,Male,90.213.13.14
917,Carleen,Windebank,62.143.90.63,cwindebankpg@prweb.com,Female,232.157.148.18
918,Anastasie,Reiling,249.158.208.153,areilingph@mysql.com,Female,139.150.129.72
919,Terrill,Franklyn,55.215.194.117,tfranklynpi@samsung.com,Non-binary,146.175.254.232
920,Prentiss,Silvers,27.74.62.141,psilverspj@utexas.edu,Male,84.98.227.204
921,Nita,Crewes,54.88.114.5,ncrewespk@seesaa.net,Genderfluid,5.44.210.125
922,Cecil,Leigh,174.135.51.35,cleighpl@imageshack.us,Agender,176.148.166.55
923,Patsy,Grumble,6.236.65.142,pgrumblepm@merriam-webster.com,Female,139.235.231.68
924,Wanids,Antley,70.154.37.197,wantleypn@hao123.com,Female,200.77.161.213
925,Kirsten,Albinson,22.62.100.239,kalbinsonpo@thetimes.co.uk,Female,215.159.42.101
926,Keelia,Hindsberg,4.174.181.237,khindsbergpp@google.fr,Female,169.196.125.205
927,Vassili,Tommeo,188.218.194.23,vtommeopq@npr.org,Male,22.97.39.163
928,Deny,Peasee,178.131.182.85,dpeaseepr@timesonline.co.uk,Female,69.72.106.99
929,Keslie,Hadcroft,22.27.220.1,khadcroftps@google.co.uk,Female,74.154.73.201
930,Isacco,Becken,173.43.116.226,ibeckenpt@usda.gov,Male,50.127.159.127
931,Dill,Davis,208.110.27.148,ddavispu@parallels.com,Male,122.255.171.155
932,Peder,Benck,144.205.82.109,pbenckpv@edublogs.org,Male,94.29.147.98
933,Stanton,Dumelow,184.56.206.21,sdumelowpw@ifeng.com,Agender,206.182.118.133
934,Maye,Macconachy,152.75.106.115,mmacconachypx@google.fr,Genderfluid,71.122.190.102
935,Benedicto,Pykerman,109.119.196.12,bpykermanpy@theglobeandmail.com,Male,82.22.170.207
936,Reilly,Rivel,27.81.25.152,rrivelpz@ehow.com,Male,78.248.194.210
937,Benedick,O' Gara,19.233.5.158,bogaraq0@gizmodo.com,Male,86.76.140.222
938,Aileen,Mattiussi,174.44.226.19,amattiussiq1@wisc.edu,Female,16.25.26.208
939,Kayle,Seabrocke,216.192.132.140,kseabrockeq2@salon.com,Female,90.121.74.39
940,Bessie,Itter,23.246.190.233,bitterq3@paypal.com,Female,218.91.130.31
941,Kathlin,Purton,18.33.188.170,kpurtonq4@google.fr,Female,104.93.189.136
942,Amber,Eardley,122.224.198.175,aeardleyq5@addthis.com,Female,254.82.106.229
943,Thorin,Thornally,15.168.29.21,tthornallyq6@webeden.co.uk,Genderfluid,197.43.60.96
944,Bert,Fateley,0.71.231.150,bfateleyq7@hugedomains.com,Female,221.45.181.38
945,Byrom,Foldes,94.175.49.217,bfoldesq8@harvard.edu,Male,13.158.211.56
946,Orson,Romayne,117.210.173.172,oromayneq9@virginia.edu,Male,194.142.245.187
947,Torrey,Franzel,253.20.80.182,tfranzelqa@cmu.edu,Polygender,7.146.243.119
948,Rebe,Stratley,96.34.22.185,rstratleyqb@hexun.com,Female,209.124.196.173
949,Shannon,Flett,162.185.136.180,sflettqc@xing.com,Agender,4.193.210.138
950,Guglielma,Balnave,224.252.253.97,gbalnaveqd@army.mil,Female,250.54.247.52
951,Dorella,Minty,98.184.3.184,dmintyqe@europa.eu,Female,224.108.223.153
952,Delano,Amar,145.76.109.118,damarqf@state.gov,Male,187.187.84.102
953,Kendall,Linggood,165.47.106.150,klinggoodqg@youtu.be,Male,171.213.211.76
954,Zoe,Ashfield,219.103.43.220,zashfieldqh@whitehouse.gov,Female,174.62.193.124
955,Ashlan,Staines,168.78.204.91,astainesqi@dailymotion.com,Female,121.6.230.255
956,Silvano,Coaster,59.46.210.42,scoasterqj@bbb.org,Male,47.74.57.126
957,Ted,Klulik,54.53.50.105,tklulikqk@issuu.com,Female,70.240.52.176
958,Gaylord,Ecclestone,169.233.62.150,gecclestoneql@yale.edu,Male,115.142.64.175
959,Ivy,Ondricek,137.11.76.249,iondricekqm@t.co,Female,240.157.171.249
960,Mildrid,Sidnell,7.135.237.62,msidnellqn@thetimes.co.uk,Female,222.158.216.173
961,Mendy,Folks,151.172.175.155,mfolksqo@hud.gov,Male,249.23.215.45
962,Mendel,Ubank,116.187.92.32,mubankqp@usnews.com,Male,7.27.204.200
963,Wendy,Macias,246.228.53.55,wmaciasqq@uol.com.br,Female,30.162.113.246
964,Ronnie,Chittenden,56.13.5.207,rchittendenqr@icq.com,Bigender,81.24.68.120
965,Herminia,Shetliff,227.202.201.83,hshetliffqs@comsenz.com,Female,61.142.223.225
966,Horace,Dain,248.128.94.225,hdainqt@theatlantic.com,Male,249.94.0.52
967,Auguste,Banks,242.182.198.124,abanksqu@umn.edu,Female,234.114.217.57
968,Cilka,Clack,188.23.163.244,cclackqv@techcrunch.com,Female,34.20.29.136
969,Tait,Robertazzi,180.12.68.14,trobertazziqw@privacy.gov.au,Male,39.44.214.77
970,Nariko,Pllu,30.128.193.251,nplluqx@answers.com,Female,34.11.91.182
971,Mathew,Ridoutt,168.144.238.197,mridouttqy@amazonaws.com,Male,127.103.75.195
972,Calvin,Glynn,39.12.140.58,cglynnqz@reuters.com,Male,221.223.185.134
973,Dniren,Sears,66.254.122.77,dsearsr0@sohu.com,Female,58.219.50.160
974,Theodora,Kinnier,55.97.241.42,tkinnierr1@squidoo.com,Non-binary,217.117.253.115
975,Cate,Mahomet,192.147.95.239,cmahometr2@deliciousdays.com,Female,191.99.91.151
976,Benjamen,Marquet,112.80.174.70,bmarquetr3@ocn.ne.jp,Male,2.218.65.7
977,Mikkel,Langlais,216.57.89.93,mlanglaisr4@umn.edu,Male,161.116.184.253
978,Rufus,Udale,131.14.135.230,rudaler5@sbwire.com,Male,249.29.224.195
979,Sigrid,Glasgow,202.236.22.62,sglasgowr6@disqus.com,Female,246.23.36.7
980,Hieronymus,Mallinson,54.219.181.246,hmallinsonr7@networkadvertising.org,Bigender,169.168.150.64
981,Waverly,Mycroft,23.123.52.125,wmycroftr8@msn.com,Male,239.225.107.211
982,Madelina,Chaudret,194.140.151.13,mchaudretr9@salon.com,Female,246.34.78.246
983,Jeno,McConnal,165.227.240.177,jmcconnalra@yale.edu,Male,22.148.114.159
984,Wayne,Futcher,161.68.43.216,wfutcherrb@vk.com,Male,193.210.194.251
985,Fae,Frankel,45.100.38.151,ffrankelrc@netvibes.com,Female,17.137.131.132
986,Julian,World,88.218.62.55,jworldrd@apple.com,Male,97.212.134.71
987,Alard,Thrussell,95.170.131.227,athrussellre@biblegateway.com,Male,43.98.141.134
988,Anthony,Shalders,44.176.223.58,ashaldersrf@miibeian.gov.cn,Male,206.245.152.93
989,Kara-lynn,Aggis,32.20.128.123,kaggisrg@photobucket.com,Female,14.163.4.221
990,Jaimie,Iannelli,72.24.7.88,jiannellirh@cnet.com,Female,158.94.89.40
991,Sheilakathryn,Vidgeon,214.200.156.71,svidgeonri@tripod.com,Female,22.183.204.131
992,Andras,Santon,192.13.85.253,asantonrj@w3.org,Male,100.183.242.11
993,Boyd,Huygens,61.123.206.218,bhuygensrk@java.com,Male,241.135.62.36
994,Kev,Bucknall,186.112.216.205,kbucknallrl@china.com.cn,Male,181.29.26.224
995,Aldo,Laugherane,69.157.243.205,alaugheranerm@ask.com,Male,139.21.246.74
996,Waly,Udey,56.10.147.53,wudeyrn@bloglines.com,Agender,29.247.201.170
997,Zuzana,Kaplin,149.64.69.11,zkaplinro@arstechnica.com,Female,242.8.224.197
998,Bronson,Churms,215.46.163.199,bchurmsrp@ocn.ne.jp,Male,40.0.43.111
999,Alix,Stenning,23.102.138.15,astenningrq@bbc.co.uk,Male,221.116.7.215
1000,Graeme,Sapauton,101.242.185.79,gsapautonrr@ox.ac.uk,Male,230.29.49.101
